Workbook
Name NewFile: GtoPdb!$A$1:$P$400

Sheet INFO
A1: Tab | B1: Description
A2: Metadata | B2: Metadata for the datasets imported to GproteinDb.
A3: Bouvier-GEMTA | B3: Data imported into GproteinDb. See GproteinDb's documentation or Table 1 in the GproteinDb 2024 article in Nucleic Acids Research.
A4: Inoue-NanoBiT-G | B4: Data imported into GproteinDb. See GproteinDb's documentation or Table 1 in the GproteinDb 2024 article in Nucleic Acids Research.
A5: Inoue-TGFa | B5: Data imported into GproteinDb. See GproteinDb's documentation or Table 1 in the GproteinDb 2024 article in Nucleic Acids Research.
A6: Lambert-RGB-GDP_wLig | B6: Data imported into GproteinDb. See GproteinDb's documentation or Table 1 in the GproteinDb 2024 article in Nucleic Acids Research.
A7: Lambert-RGB-GDP_woLig | B7: Data imported into GproteinDb. See GproteinDb's documentation or Table 1 in the GproteinDb 2024 article in Nucleic Acids Research.
A8: Martemyanov-FreeGby-Nluc | B8: Data imported into GproteinDb. See GproteinDb's documentation or Table 1 in the GproteinDb 2024 article in Nucleic Acids Research.
A9: Roth-TRUPATH | B9: Data imported into GproteinDb. See GproteinDb's documentation or Table 1 in the GproteinDb 2024 article in Nucleic Acids Research.
A10: Fig4a-Gq | B10: Intersection of Gq couplings from the Bouvier GEMTA, Inoue TGFa and Martemyanov FREEBG datasets. Used for Fig. 4 in the GproteinDb 2024 article in Nucleic Acids Research.
A11: Fig4b-Econst | B11: Constitutive vs. agonist-induced coupling agreement on primary transducer (Lambert RGB-GDP dataset). Used for Fig. 4 in the GproteinDb 2024 article in Nucleic Acids Research.
A12: Fig4c_CouplComp | B12: Primary transducer agreement across the GtoPdb, Bouvier GEMTA and Martemyanov FREEBG-Nluc datasets. Used for Fig. 4 in the GproteinDb 2024 article in Nucleic Acids Research.
... A16: GtoPdb | B16: Couplings from the Guide to Pharmacology database. Not imported from this tab, but directly from that database.
A18: Only the Bouvier-GEMTA data set has arrestin data (columns: β1/GRK, β1, β2/GRK)

Sheet Metadata
A1: Tab | B1: Biosensor | C1: Parameter | D1: Down- stream steps | E1: _
A2: Bouvier-GEMTA | B2: GEMTA | C2: log(Emax/EC50) | D2: 3
A3: Inoue-NanoBiT-G | B3: NanoBiT-G | C3: log(Emax/EC50) | D3: 1
A4: Inoue-TGFa | B4: TGF𝛼 | C4: log(Emax/EC50) | D4: 5
A5: Lambert-RGB-GDP_Efficacy | B5: RGB-GDP | C5: Efficacy | D5: 0
A6: Lambert-RGB-GDP_Econst | B6: RGB-GDP | C6: Econstitutive | D6: 0
A7: Martemyanov-FreeGβγ-Nluc | B7: FreeGβγ-Nluc | C7: Activation rate (s-1) | D7: 2
A8: Roth-TRUPATH | B8: TRUPATH | C8: log(Emax/EC50) | D8: 1
B11: Gβγ

Sheet Bouvier-GEMTA
A1: Receptor (UniProt) | B1: DOI | C1: Ligand ID type | D1: Ligand ID | E1: Phys/ Surr | F1: Supp Gs fam | G1: Supp Gi/o fam | H1: Supp Gq/11 fam | I1: Supp G12/13 fam | J1: #Fam | K1: Primary (1') fam | L1: Rank Gs fam | M1: Rank Gi/o fam | N1: Rank Gq/11 fam | O1: Rank G12/13 fam | P1: % of 1' family GsFam | Q1: % of 1' family Gi/oFam | R1: % of 1' family Gq/11Fam | S1: % of 1' family G12/13Fam | T1: Gs-fam | U1: Gi/o-fam | V1: Gq/11-fam | W1: G12/13-fam | X1: Primary (1') subtype | Y1: % of 1' subtype GsL | Z1: % of 1' subtype Gi1 | AA1: % of 1' subtype Gi2 | AB1: % of 1' subtype GoA | AC1: % of 1' subtype GoB | AD1: % of 1' subtype Gz | AE1: % of 1' subtype Gq | AF1: % of 1' subtype G11 | AG1: % of 1' subtype G14 | AH1: % of 1' subtype G15 | AI1: % of 1' subtype G12 | AJ1: % of 1' subtype G13 | AK1: GsL | AL1: Gi1 | AM1: Gi2 | AN1: GoA | AO1: GoB | AP1: Gz | AQ1: Gq | AR1: G11 | AS1: G14 | AT1: G15 | AU1: G12 | AV1: G13 | AW1: β1/ GRK2 | AX1: β2 | AY1: β2/ GRK2 | AZ1: Emax GsL | BA1: Emax Gi1 | BB1: Emax Gi2 | BC1: Emax GoA | BD1: Emax GoB | BE1: Emax Gz | BF1: Emax Gq | BG1: Emax G11 | BH1: Emax G14 | BI1: Emax G15 | BJ1: Emax G12 | BK1: Emax G13 | BL1: Emax β1/GRK2 | BM1: Emax β2 | BN1: Emax β2/GRK2 | BO1: Emax GsL | BP1: Emax Gi1 | BQ1: Emax Gi2 | BR1: Emax GoA | BS1: Emax GoA | BT1: Emax Gz | BU1: Emax Gq | BV1: Emax G11 | BW1: Emax G14 | BX1: Emax G15 | BY1: Emax G12 | BZ1: Emax G13 | CA1: Emax βarr1 /GRK2 | CB1: Emax βarr2 | CC1: Emax βarr2 /GRK2 | CD1: pEC50 GsL | CE1: pEC50 Gi1 | CF1: pEC50 Gi2 | CG1: pEC50 GoA | CH1: pEC50 GoB | CI1: pEC50 Gz | CJ1: pEC50 Gq | CK1: pEC50 G11 | CL1: pEC50 G14 | CM1: pEC50 G15 | CN1: pEC50 G12 | CO1: pEC50 G13 | CP1: pEC50 β1/GRK2 | CQ1: pEC50 β2 | CR1: pEC50 β2/GRK2 | CS1: Ligand short (author) | CT1: Ligand long (author) | CU1: Basal SD GsSL | CV1: Basal SD Gi1 | CW1: Basal SD Gi2 | CX1: Basal SD GoA | CY1: Basal SD GoB | CZ1: Basal SD Gz | DA1: Basal SD Gq | DB1: Basal SD G11 | DC1: Basal SD G14 | DD1: Basal SD G15 | DE1: Basal SD G12 | DF1: Basal SD G13 | DG1: Basal SD βarr1 /GRK2 | DH1: Basal SD βarr2 | DI1: Basal SD βarr2 /GRK2 | DJ1: #SDs GsL | DK1: #SDs Gi1 | DL1: #SDs Gi2 | DM1: #SDs GoA | DN1: #SDs GoB | DO1: #SDs Gz | DP1: #SDs Gq | DQ1: #SDs G11 | DR1: #SDs G14 | DS1: #SDs G15 | DT1: #SDs G12 | DU1: #SDs G13 | DV1: #SDs β2 | DW1: #SDs β1/GRK2 | DX1: #SDs β2/GRK2
A2: ACM3 | B2: 10.7554/eLife.74101 | C2: =IF(VLOOKUP($A2,'B-Ligands'!$A:$G,5,FALSE)="","",VLOOKUP($A2,'B-Ligands'!$A:$G,5,FALSE)) -> Guide To Pharmacology | D2: =IF(VLOOKUP($A2,'B-Ligands'!$A:$G,6,FALSE)="","",VLOOKUP($A2,'B-Ligands'!$A:$G,6,FALSE)) -> 294 | E2: =IF(VLOOKUP($A2,'B-Ligands'!$A:$G,7,FALSE)="","",VLOOKUP($A2,'B-Ligands'!$A:$G,7,FALSE)) -> Phys | F2: =IF(T2>0,1,"") | G2: =IF(U2>0,1,"") -> 1 | H2: =IF(V2>0,1,"") -> 1 | I2: =IF(W2>0,1,"") | J2: =COUNTIF(L2:O2,">0") -> 2 | K2: =SUBSTITUTE(INDEX(T$1:W$1,1,MATCH(MAX(T2:W2),T2:W2,0)),"-fam","") -> Gq/11 | L2: =IF(T2=0,0,_xlfn.RANK.EQ(T2,$T2:$W2,0)) -> 0 | M2: =IF(U2=0,0,_xlfn.RANK.EQ(U2,$T2:$W2,0)) -> 2 | N2: =IF(V2=0,0,_xlfn.RANK.EQ(V2,$T2:$W2,0)) -> 1 | O2: =IF(W2=0,0,_xlfn.RANK.EQ(W2,$T2:$W2,0)) -> 0 | P2: =T2/MAX($T2:$W2)*100 -> 0 | Q2: =U2/MAX($T2:$W2)*100 -> 71.863004 | R2: =V2/MAX($T2:$W2)*100 -> 100 | S2: =W2/MAX($T2:$W2)*100 -> 0 | T2: =AK2 -> 0 | U2: =MAX(AL2:AP2) -> 5.4328431 | V2: =MAX(AQ2:AT2) -> 7.56 | W2: =MAX(AU2:AV2) -> 0 | X2: =INDEX(AK$1:AV$1,1,MATCH(MAX(AK2:AV2),AK2:AV2,0)) -> G15 | Y2: =AK2/MAX($AK2:$AV2)*100 -> 0 | Z2: =AL2/MAX($AK2:$AV2)*100 -> 71.863004 | AA2: =AM2/MAX($AK2:$AV2)*100 -> 65.307423 | AB2: =AN2/MAX($AK2:$AV2)*100 -> 66.618228 | AC2: =AO2/MAX($AK2:$AV2)*100 -> 68.814588 | AD2: =AP2/MAX($AK2:$AV2)*100 -> 67.265199 | AE2: =AQ2/MAX($AK2:$AV2)*100 -> 93.767713 | AF2: =AR2/MAX($AK2:$AV2)*100 -> 97.379297 | ... AJ2: =AV2/MAX($AK2:$AV2)*100 -> 0 | AK2: {=_xlfn.IFS(AZ2=0,0,AZ2>0,(LOG(0.01*AZ2/10^-CD2)))} -> 0 | AL2: {=_xlfn.IFS(BA2=0,0,BA2>0,(LOG(0.01*BA2/10^-CE2)))} -> 5.4328431 | AM2: {=_xlfn.IFS(BB2=0,0,BB2>0,(LOG(0.01*BB2/10^-CF2)))} -> 4.9372411 | AN2: {=_xlfn.IFS(BC2=0,0,BC2>0,(LOG(0.01*BC2/10^-CG2)))} -> 5.0363381 | AO2: {=_xlfn.IFS(BD2=0,0,BD2>0,(LOG(0.01*BD2/10^-CH2)))} -> 5.2023828 | AP2: {=_xlfn.IFS(BE2=0,0,BE2>0,(LOG(0.01*BE2/10^-CI2)))} -> 5.085249 | AQ2: {=_xlfn.IFS(BF2=0,0,BF2>0,(LOG(0.01*BF2/10^-CJ2)))} -> 7.0888391 | AR2: {=_xlfn.IFS(BG2=0,0,BG2>0,(LOG(0.01*BG2/10^-CK2)))} -> 7.3618749 | ... AY2: {=_xlfn.IFS(BN2=0,0,BN2>0,(LOG(0.01*BN2/10^-CR2)))} -> 4.7417893 | AZ2: =IF(BO2="",0,100*BO2/MAX(BO:BO)) -> 0 | BA2: =IF(BP2="",0,100*BP2/MAX($BP:$BT)) -> 36.294691 | BB2: =IF(BQ2="",0,100*BQ2/MAX($BP:$BT)) -> 12.654388 | BC2: =IF(BR2="",0,100*BR2/MAX($BP:$BT)) -> 12.004334 | BD2: =IF(BS2="",0,100*BS2/MAX($BP:$BT)) -> 17.963164 | BE2: =IF(BT2="",0,100*BT2/MAX($BP:$BT)) -> 12.860238 | BF2: =IF(BU2="",0,100*BU2/MAX($BU:$BX)) -> 57.788191 | BG2: =IF(BV2="",0,100*BV2/MAX($BU:$BX)) -> 72.089972 | BH2: =IF(BW2="",0,100*BW2/MAX($BU:$BX)) -> 86.60731 | BI2: =IF(BX2="",0,100*BX2/MAX($BU:$BX)) -> 100 | BJ2: =IF(BY2="",0,100*BY2/MAX($BY:$BZ)) -> 0 | BK2: =IF(BZ2="",0,100*BZ2/MAX($BY:$BZ)) -> 0 | BL2: =IF(CA2="",0,100*CA2/MAX($CA:$CC)) -> 1.2047667 | BM2: =IF(CB2="",0,100*CB2/MAX($CA:$CC)) -> 2.1554213 | BN2: =IF(CC2="",0,100*CC2/MAX($CA:$CC)) -> 7.2910373 | BP2: 335 | BQ2: 116.8 | BR2: 110.8 | BS2: 165.8 | BT2: 118.7 | BU2: 616.6 | BV2: 769.2 | BW2: 924.1 | BX2: 1067 | CA2: 35.89 | CB2: 64.21 | CC2: 217.2 | CE2: 5.873 | CF2: 5.835 | CG2: 5.957 | CH2: 5.948 | CI2: 5.976 | CJ2: 7.327 | CK2: 7.504 | CL2: 7.366 | CM2: 7.56 | CP2: 6.365 | CQ2: 5.433 | CR2: 5.879 | CS2: =IF(VLOOKUP($A2,'B-Ligands'!$A:$G,3,FALSE)="","",VLOOKUP($A2,'B-Ligands'!$A:$G,3,FALSE)) | CT2: =IF(VLOOKUP($A2,'B-Ligands'!$A:$G,4,FALSE)="","",VLOOKUP($A2,'B-Ligands'!$A:$G,4,FALSE)) -> Acetylcholine | CU2: 19.695659 | CV2: 8.5807007 | CW2: 7.7895008 | CX2: 8.964211 | CY2: 7.9233674 | CZ2: 6.6408931 | DA2: 11.893188 | DB2: 8.7721913 | DC2: 11.108603 | DD2: 16.947394 | DE2: 11.491137 | DF2: 2.7470645 | DG2: 9.7321937 | DH2: 8.4345414 | DI2: 2.7535127 | DJ2: =IF(BO2="",0,BO2/CU2) -> 0 | DK2: =IF(BP2="",0,BP2/CV2) -> 39.041101 | DL2: =IF(BQ2="",0,BQ2/CW2) -> 14.994542 | DM2: =IF(BR2="",0,BR2/CX2) -> 12.360262 | DN2: =IF(BS2="",0,BS2/CY2) -> 20.925447 | DO2: =IF(BT2="",0,BT2/CZ2) -> 17.874102 | DP2: =IF(BU2="",0,BU2/DA2) -> 51.844803 | DQ2: =IF(BV2="",0,BV2/DB2) -> 87.686186 | ... DX2: =IF(CC2="",0,CC2/DI2) -> 78.881061
A3: BKRB2 | B3: 10.7554/eLife.74101 | C3: =IF(VLOOKUP($A3,'B-Ligands'!$A:$G,5,FALSE)="","",VLOOKUP($A3,'B-Ligands'!$A:$G,5,FALSE)) -> Guide To Pharmacology | D3: =IF(VLOOKUP($A3,'B-Ligands'!$A:$G,6,FALSE)="","",VLOOKUP($A3,'B-Ligands'!$A:$G,6,FALSE)) -> 650 | E3: =IF(VLOOKUP($A3,'B-Ligands'!$A:$G,7,FALSE)="","",VLOOKUP($A3,'B-Ligands'!$A:$G,7,FALSE)) -> Phys | F3: =IF(T3>0,1,"") | G3: =IF(U3>0,1,"") -> 1 | H3: =IF(V3>0,1,"") -> 1 | I3: =IF(W3>0,1,"") -> 1 | J3: =COUNTIF(L3:O3,">0") -> 3 | K3: =SUBSTITUTE(INDEX(T$1:W$1,1,MATCH(MAX(T3:W3),T3:W3,0)),"-fam","") -> Gq/11 | L3: =IF(T3=0,0,_xlfn.RANK.EQ(T3,$T3:$W3,0)) -> 0 | M3: =IF(U3=0,0,_xlfn.RANK.EQ(U3,$T3:$W3,0)) -> 3 | N3: =IF(V3=0,0,_xlfn.RANK.EQ(V3,$T3:$W3,0)) -> 1 | O3: =IF(W3=0,0,_xlfn.RANK.EQ(W3,$T3:$W3,0)) -> 2 | P3: =T3/MAX($T3:$W3)*100 -> 0 | Q3: =U3/MAX($T3:$W3)*100 -> 84.611569 | R3: =V3/MAX($T3:$W3)*100 -> 100 | S3: =W3/MAX($T3:$W3)*100 -> 97.715007 | T3: =AK3 -> 0 | U3: =MAX(AL3:AP3) -> 7.9932155 | V3: =MAX(AQ3:AT3) -> 9.4469534 | W3: =MAX(AU3:AV3) -> 9.2310912 | X3: =INDEX(AK$1:AV$1,1,MATCH(MAX(AK3:AV3),AK3:AV3,0)) -> G14 | Y3: =AK3/MAX($AK3:$AV3)*100 -> 0 | Z3: =AL3/MAX($AK3:$AV3)*100 -> 83.172064 | AA3: =AM3/MAX($AK3:$AV3)*100 -> 77.443689 | AB3: =AN3/MAX($AK3:$AV3)*100 -> 74.528715 | AC3: =AO3/MAX($AK3:$AV3)*100 -> 81.798461 | AD3: =AP3/MAX($AK3:$AV3)*100 -> 84.611569 | AE3: =AQ3/MAX($AK3:$AV3)*100 -> 99.993437 | AF3: =AR3/MAX($AK3:$AV3)*100 -> 99.690754 | ... AJ3: =AV3/MAX($AK3:$AV3)*100 -> 95.204424 | AK3: {=_xlfn.IFS(AZ3=0,0,AZ3>0,(LOG(0.01*AZ3/10^-CD3)))} -> 0 | AL3: {=_xlfn.IFS(BA3=0,0,BA3>0,(LOG(0.01*BA3/10^-CE3)))} -> 7.8572262 | AM3: {=_xlfn.IFS(BB3=0,0,BB3>0,(LOG(0.01*BB3/10^-CF3)))} -> 7.3160693 | AN3: {=_xlfn.IFS(BC3=0,0,BC3>0,(LOG(0.01*BC3/10^-CG3)))} -> 7.040693 | AO3: {=_xlfn.IFS(BD3=0,0,BD3>0,(LOG(0.01*BD3/10^-CH3)))} -> 7.7274626 | AP3: {=_xlfn.IFS(BE3=0,0,BE3>0,(LOG(0.01*BE3/10^-CI3)))} -> 7.9932155 | AQ3: {=_xlfn.IFS(BF3=0,0,BF3>0,(LOG(0.01*BF3/10^-CJ3)))} -> 9.4463335 | AR3: {=_xlfn.IFS(BG3=0,0,BG3>0,(LOG(0.01*BG3/10^-CK3)))} -> 9.4177391 | ... AY3: {=_xlfn.IFS(BN3=0,0,BN3>0,(LOG(0.01*BN3/10^-CR3)))} -> 8.1178115 | AZ3: =IF(BO3="",0,100*BO3/MAX(BO:BO)) -> 0 | BA3: =IF(BP3="",0,100*BP3/MAX($BP:$BT)) -> 51.787649 | BB3: =IF(BQ3="",0,100*BQ3/MAX($BP:$BT)) -> 27.865655 | BC3: =IF(BR3="",0,100*BR3/MAX($BP:$BT)) -> 16.132178 | BD3: =IF(BS3="",0,100*BS3/MAX($BP:$BT)) -> 39.035753 | BE3: =IF(BT3="",0,100*BT3/MAX($BP:$BT)) -> 22.091008 | BF3: =IF(BU3="",0,100*BU3/MAX($BU:$BX)) -> 53.992502 | BG3: =IF(BV3="",0,100*BV3/MAX($BU:$BX)) -> 75.117151 | BH3: =IF(BW3="",0,100*BW3/MAX($BU:$BX)) -> 81.649485 | BI3: =IF(BX3="",0,100*BX3/MAX($BU:$BX)) -> 98.313027 | BJ3: =IF(BY3="",0,100*BY3/MAX($BY:$BZ)) -> 11.778533 | BK3: =IF(BZ3="",0,100*BZ3/MAX($BY:$BZ)) -> 68.535826 | BL3: =IF(CA3="",0,100*CA3/MAX($CA:$CC)) -> 58.308157 | BM3: =IF(CB3="",0,100*CB3/MAX($CA:$CC)) -> 29.832158 | BN3: =IF(CC3="",0,100*CC3/MAX($CA:$CC)) -> 39.610608 | BP3: 478 | BQ3: 257.2 | BR3: 148.9 | BS3: 360.3 | BT3: 203.9 | BU3: 576.1 | BV3: 801.5 | BW3: 871.2 | BX3: 1049 | BY3: 83.18 | BZ3: 484 | CA3: 1737 | CB3: 888.7 | CC3: 1180 | CE3: 8.143 | CF3: 7.871 | CG3: 7.833 | CH3: 8.136 | CI3: 8.649 | CJ3: 9.714 | CK3: 9.542 | CL3: 9.535 | CM3: 8.754 | CN3: 10.16 | CO3: 9.158 | CP3: 8.622 | CQ3: 8.535 | CR3: 8.52 | CS3: =IF(VLOOKUP($A3,'B-Ligands'!$A:$G,3,FALSE)="","",VLOOKUP($A3,'B-Ligands'!$A:$G,3,FALSE)) | CT3: =IF(VLOOKUP($A3,'B-Ligands'!$A:$G,4,FALSE)="","",VLOOKUP($A3,'B-Ligands'!$A:$G,4,FALSE)) -> Kallidin | CU3: 19.117169 | CV3: 32.15434 | CW3: 28.669608 | CX3: 26.28411 | CY3: 26.746392 | CZ3: 18.744433 | DA3: 4.437505 | DB3: 21.933326 | DC3: 12.624713 | DD3: 12.18455 | DE3: 8.9232861 | DF3: 10.584937 | DG3: 23.230597 | DH3: 13.492497 | DI3: 21.537564 | DJ3: =IF(BO3="",0,BO3/CU3) -> 0 | DK3: =IF(BP3="",0,BP3/CV3) -> 14.8658 | DL3: =IF(BQ3="",0,BQ3/CW3) -> 8.9711726 | DM3: =IF(BR3="",0,BR3/CX3) -> 5.6650196 | DN3: =IF(BS3="",0,BS3/CY3) -> 13.470976 | DO3: =IF(BT3="",0,BT3/CZ3) -> 10.877896 | DP3: =IF(BU3="",0,BU3/DA3) -> 129.8252 | DQ3: =IF(BV3="",0,BV3/DB3) -> 36.542565 | ... DX3: =IF(CC3="",0,CC3/DI3) -> 54.787997
A4: ADA1A | B4: 10.7554/eLife.74101 | C4: =IF(VLOOKUP($A4,'B-Ligands'!$A:$G,5,FALSE)="","",VLOOKUP($A4,'B-Ligands'!$A:$G,5,FALSE)) -> Guide To Pharmacology | D4: =IF(VLOOKUP($A4,'B-Ligands'!$A:$G,6,FALSE)="","",VLOOKUP($A4,'B-Ligands'!$A:$G,6,FALSE)) -> 484 | E4: =IF(VLOOKUP($A4,'B-Ligands'!$A:$G,7,FALSE)="","",VLOOKUP($A4,'B-Ligands'!$A:$G,7,FALSE)) -> Phys | F4: =IF(T4>0,1,"") -> 1 | G4: =IF(U4>0,1,"") -> 1 | H4: =IF(V4>0,1,"") -> 1 | I4: =IF(W4>0,1,"") | J4: =COUNTIF(L4:O4,">0") -> 3 | K4: =SUBSTITUTE(INDEX(T$1:W$1,1,MATCH(MAX(T4:W4),T4:W4,0)),"-fam","") -> Gq/11 | L4: =IF(T4=0,0,_xlfn.RANK.EQ(T4,$T4:$W4,0)) -> 2 | M4: =IF(U4=0,0,_xlfn.RANK.EQ(U4,$T4:$W4,0)) -> 3 | N4: =IF(V4=0,0,_xlfn.RANK.EQ(V4,$T4:$W4,0)) -> 1 | O4: =IF(W4=0,0,_xlfn.RANK.EQ(W4,$T4:$W4,0)) -> 0 | P4: =T4/MAX($T4:$W4)*100 -> 84.643002 | Q4: =U4/MAX($T4:$W4)*100 -> 77.877047 | R4: =V4/MAX($T4:$W4)*100 -> 100 | S4: =W4/MAX($T4:$W4)*100 -> 0 | T4: =AK4 -> 6.5774968 | U4: =MAX(AL4:AP4) -> 6.0517233 | V4: =MAX(AQ4:AT4) -> 7.7708689 | W4: =MAX(AU4:AV4) -> 0 | X4: =INDEX(AK$1:AV$1,1,MATCH(MAX(AK4:AV4),AK4:AV4,0)) -> G15 | Y4: =AK4/MAX($AK4:$AV4)*100 -> 84.643002 | Z4: =AL4/MAX($AK4:$AV4)*100 -> 75.908979 | AA4: =AM4/MAX($AK4:$AV4)*100 -> 0 | AB4: =AN4/MAX($AK4:$AV4)*100 -> 77.877047 | AC4: =AO4/MAX($AK4:$AV4)*100 -> 0 | AD4: =AP4/MAX($AK4:$AV4)*100 -> 0 | AE4: =AQ4/MAX($AK4:$AV4)*100 -> 97.195587 | AF4: =AR4/MAX($AK4:$AV4)*100 -> 96.785805 | ... AJ4: =AV4/MAX($AK4:$AV4)*100 -> 0 | AK4: {=_xlfn.IFS(AZ4=0,0,AZ4>0,(LOG(0.01*AZ4/10^-CD4)))} -> 6.5774968 | AL4: {=_xlfn.IFS(BA4=0,0,BA4>0,(LOG(0.01*BA4/10^-CE4)))} -> 5.8987872 | AM4: {=_xlfn.IFS(BB4=0,0,BB4>0,(LOG(0.01*BB4/10^-CF4)))} -> 0 | AN4: {=_xlfn.IFS(BC4=0,0,BC4>0,(LOG(0.01*BC4/10^-CG4)))} -> 6.0517233 | AO4: {=_xlfn.IFS(BD4=0,0,BD4>0,(LOG(0.01*BD4/10^-CH4)))} -> 0 | AP4: {=_xlfn.IFS(BE4=0,0,BE4>0,(LOG(0.01*BE4/10^-CI4)))} -> 0 | AQ4: {=_xlfn.IFS(BF4=0,0,BF4>0,(LOG(0.01*BF4/10^-CJ4)))} -> 7.5529417 | AR4: {=_xlfn.IFS(BG4=0,0,BG4>0,(LOG(0.01*BG4/10^-CK4)))} -> 7.521098 | ... AY4: {=_xlfn.IFS(BN4=0,0,BN4>0,(LOG(0.01*BN4/10^-CR4)))} -> 4.8046831 | AZ4: =IF(BO4="",0,100*BO4/MAX(BO:BO)) -> 56.950398 | BA4: =IF(BP4="",0,100*BP4/MAX($BP:$BT)) -> 4.5059588 | BB4: =IF(BQ4="",0,100*BQ4/MAX($BP:$BT)) -> 0 | BC4: =IF(BR4="",0,100*BR4/MAX($BP:$BT)) -> 4.127844 | BD4: =IF(BS4="",0,100*BS4/MAX($BP:$BT)) -> 0 | BE4: =IF(BT4="",0,100*BT4/MAX($BP:$BT)) -> 0 | BF4: =IF(BU4="",0,100*BU4/MAX($BU:$BX)) -> 64.854733 | BG4: =IF(BV4="",0,100*BV4/MAX($BU:$BX)) -> 70 | BH4: =IF(BW4="",0,100*BW4/MAX($BU:$BX)) -> 77.553889 | BI4: =IF(BX4="",0,100*BX4/MAX($BU:$BX)) -> 97.469541 | BJ4: =IF(BY4="",0,100*BY4/MAX($BY:$BZ)) -> 0 | BK4: =IF(BZ4="",0,100*BZ4/MAX($BY:$BZ)) -> 0 | BL4: =IF(CA4="",0,100*CA4/MAX($CA:$CC)) -> 0 | BM4: =IF(CB4="",0,100*CB4/MAX($CA:$CC)) -> 0 | BN4: =IF(CC4="",0,100*CC4/MAX($CA:$CC)) -> 0.63779792 | BO4: 37.2 | BP4: 41.59 | BR4: 38.1 | BU4: 692 | BV4: 746.9 | BW4: 827.5 | BX4: 1040 | CC4: 19 | CD4: 6.822 | CE4: 7.245 | CG4: 7.436 | CJ4: 7.741 | CK4: 7.676 | CL4: 6.713 | CM4: 7.782 | CR4: 7 | CS4: =IF(VLOOKUP($A4,'B-Ligands'!$A:$G,3,FALSE)="","",VLOOKUP($A4,'B-Ligands'!$A:$G,3,FALSE)) | CT4: =IF(VLOOKUP($A4,'B-Ligands'!$A:$G,4,FALSE)="","",VLOOKUP($A4,'B-Ligands'!$A:$G,4,FALSE)) -> Noradrenaline | CU4: 13.356204 | CV4: 26.030223 | CW4: 22.377925 | CX4: 20.76389 | CY4: 5.8149319 | CZ4: 43.144067 | DA4: 24.579985 | DB4: 24.593236 | DC4: 27.979712 | DD4: 12.609481 | DE4: 23.13181 | DF4: 29.783522 | DG4: 47.249447 | DH4: 50.450375 | DI4: 15.540808 | DJ4: =IF(BO4="",0,BO4/CU4) -> 2.7852225 | DK4: =IF(BP4="",0,BP4/CV4) -> 1.5977581 | DL4: =IF(BQ4="",0,BQ4/CW4) -> 0 | DM4: =IF(BR4="",0,BR4/CX4) -> 1.8349163 | DN4: =IF(BS4="",0,BS4/CY4) -> 0 | DO4: =IF(BT4="",0,BT4/CZ4) -> 0 | DP4: =IF(BU4="",0,BU4/DA4) -> 28.152987 | DQ4: =IF(BV4="",0,BV4/DB4) -> 30.370139 | ... DX4: =IF(CC4="",0,CC4/DI4) -> 1.2225876
A5: ACM2 | B5: 10.7554/eLife.74101 | C5: =IF(VLOOKUP($A5,'B-Ligands'!$A:$G,5,FALSE)="","",VLOOKUP($A5,'B-Ligands'!$A:$G,5,FALSE)) -> Guide To Pharmacology | D5: =IF(VLOOKUP($A5,'B-Ligands'!$A:$G,6,FALSE)="","",VLOOKUP($A5,'B-Ligands'!$A:$G,6,FALSE)) -> 294 | E5: =IF(VLOOKUP($A5,'B-Ligands'!$A:$G,7,FALSE)="","",VLOOKUP($A5,'B-Ligands'!$A:$G,7,FALSE)) -> Phys | F5: =IF(T5>0,1,"") -> 1 | G5: =IF(U5>0,1,"") -> 1 | H5: =IF(V5>0,1,"") -> 1 | I5: =IF(W5>0,1,"") | J5: =COUNTIF(L5:O5,">0") -> 3 | K5: =SUBSTITUTE(INDEX(T$1:W$1,1,MATCH(MAX(T5:W5),T5:W5,0)),"-fam","") -> Gi/o | L5: =IF(T5=0,0,_xlfn.RANK.EQ(T5,$T5:$W5,0)) -> 3 | M5: =IF(U5=0,0,_xlfn.RANK.EQ(U5,$T5:$W5,0)) -> 1 | N5: =IF(V5=0,0,_xlfn.RANK.EQ(V5,$T5:$W5,0)) -> 2 | O5: =IF(W5=0,0,_xlfn.RANK.EQ(W5,$T5:$W5,0)) -> 0 | P5: =T5/MAX($T5:$W5)*100 -> 65.080576 | Q5: =U5/MAX($T5:$W5)*100 -> 100 | R5: =V5/MAX($T5:$W5)*100 -> 86.322501 | S5: =W5/MAX($T5:$W5)*100 -> 0 | T5: =AK5 -> 5.6068425 | U5: =MAX(AL5:AP5) -> 8.6152319 | V5: =MAX(AQ5:AT5) -> 7.4368836 | W5: =MAX(AU5:AV5) -> 0 | X5: =INDEX(AK$1:AV$1,1,MATCH(MAX(AK5:AV5),AK5:AV5,0)) -> GoB | Y5: =AK5/MAX($AK5:$AV5)*100 -> 65.080576 | Z5: =AL5/MAX($AK5:$AV5)*100 -> 92.032275 | AA5: =AM5/MAX($AK5:$AV5)*100 -> 87.882813 | AB5: =AN5/MAX($AK5:$AV5)*100 -> 93.510985 | AC5: =AO5/MAX($AK5:$AV5)*100 -> 100 | AD5: =AP5/MAX($AK5:$AV5)*100 -> 92.488583 | AE5: =AQ5/MAX($AK5:$AV5)*100 -> 0 | AF5: =AR5/MAX($AK5:$AV5)*100 -> 0 | ... AJ5: =AV5/MAX($AK5:$AV5)*100 -> 0 | AK5: {=_xlfn.IFS(AZ5=0,0,AZ5>0,(LOG(0.01*AZ5/10^-CD5)))} -> 5.6068425 | AL5: {=_xlfn.IFS(BA5=0,0,BA5>0,(LOG(0.01*BA5/10^-CE5)))} -> 7.9287939 | AM5: {=_xlfn.IFS(BB5=0,0,BB5>0,(LOG(0.01*BB5/10^-CF5)))} -> 7.5713081 | AN5: {=_xlfn.IFS(BC5=0,0,BC5>0,(LOG(0.01*BC5/10^-CG5)))} -> 8.0561881 | AO5: {=_xlfn.IFS(BD5=0,0,BD5>0,(LOG(0.01*BD5/10^-CH5)))} -> 8.6152319 | AP5: {=_xlfn.IFS(BE5=0,0,BE5>0,(LOG(0.01*BE5/10^-CI5)))} -> 7.9681059 | AQ5: {=_xlfn.IFS(BF5=0,0,BF5>0,(LOG(0.01*BF5/10^-CJ5)))} -> 0 | AR5: {=_xlfn.IFS(BG5=0,0,BG5>0,(LOG(0.01*BG5/10^-CK5)))} -> 0 | ... AY5: {=_xlfn.IFS(BN5=0,0,BN5>0,(LOG(0.01*BN5/10^-CR5)))} -> 7.2072554 | AZ5: =IF(BO5="",0,100*BO5/MAX(BO:BO)) -> 34.185548 | BA5: =IF(BP5="",0,100*BP5/MAX($BP:$BT)) -> 72.242687 | BB5: =IF(BQ5="",0,100*BQ5/MAX($BP:$BT)) -> 42.296858 | BC5: =IF(BR5="",0,100*BR5/MAX($BP:$BT)) -> 26.435536 | BD5: =IF(BS5="",0,100*BS5/MAX($BP:$BT)) -> 36.327194 | BE5: =IF(BT5="",0,100*BT5/MAX($BP:$BT)) -> 28.255688 | BF5: =IF(BU5="",0,100*BU5/MAX($BU:$BX)) -> 0 | BG5: =IF(BV5="",0,100*BV5/MAX($BU:$BX)) -> 0 | BH5: =IF(BW5="",0,100*BW5/MAX($BU:$BX)) -> 11.246485 | BI5: =IF(BX5="",0,100*BX5/MAX($BU:$BX)) -> 89.718838 | BJ5: =IF(BY5="",0,100*BY5/MAX($BY:$BZ)) -> 0 | BK5: =IF(BZ5="",0,100*BZ5/MAX($BY:$BZ)) -> 0 | BL5: =IF(CA5="",0,100*CA5/MAX($CA:$CC)) -> 48.3048 | BM5: =IF(CB5="",0,100*CB5/MAX($CA:$CC)) -> 27.593152 | BN5: =IF(CC5="",0,100*CC5/MAX($CA:$CC)) -> 39.107083 | BO5: 22.33 | BP5: 666.8 | BQ5: 390.4 | BR5: 244 | BS5: 335.3 | BT5: 260.8 | BW5: 120 | BX5: 957.3 | CA5: 1439 | CB5: 822 | CC5: 1165 | CD5: 6.073 | CE5: 8.07 | CF5: 7.945 | CG5: 8.634 | CH5: 9.055 | CI5: 8.517 | CL5: 5.442 | CM5: 7.484 | CP5: 7.34 | CQ5: 5.838 | CR5: 7.615 | CS5: =IF(VLOOKUP($A5,'B-Ligands'!$A:$G,3,FALSE)="","",VLOOKUP($A5,'B-Ligands'!$A:$G,3,FALSE)) | CT5: =IF(VLOOKUP($A5,'B-Ligands'!$A:$G,4,FALSE)="","",VLOOKUP($A5,'B-Ligands'!$A:$G,4,FALSE)) -> Acetylcholine | CU5: 7.7106114 | CV5: 6.4708387 | CW5: 6.048432 | CX5: 8.6429457 | CY5: 5.2789549 | CZ5: 12.340907 | DA5: 6.2282612 | DB5: 5.9777928 | DC5: 0.98994322 | DD5: 6.2440639 | DE5: 4.2230857 | DF5: 15.182255 | DG5: 9.4496451 | DH5: 7.1145558 | DI5: 11.288351 | DJ5: =IF(BO5="",0,BO5/CU5) -> 2.896009 | DK5: =IF(BP5="",0,BP5/CV5) -> 103.04692 | DL5: =IF(BQ5="",0,BQ5/CW5) -> 64.545654 | DM5: =IF(BR5="",0,BR5/CX5) -> 28.231116 | DN5: =IF(BS5="",0,BS5/CY5) -> 63.51636 | DO5: =IF(BT5="",0,BT5/CZ5) -> 21.132969 | DP5: =IF(BU5="",0,BU5/DA5) -> 0 | DQ5: =IF(BV5="",0,BV5/DB5) -> 0 | ... DX5: =IF(CC5="",0,CC5/DI5) -> 103.20374
A6: ACM1 | B6: 10.7554/eLife.74101 | C6: =IF(VLOOKUP($A6,'B-Ligands'!$A:$G,5,FALSE)="","",VLOOKUP($A6,'B-Ligands'!$A:$G,5,FALSE)) -> Guide To Pharmacology | D6: =IF(VLOOKUP($A6,'B-Ligands'!$A:$G,6,FALSE)="","",VLOOKUP($A6,'B-Ligands'!$A:$G,6,FALSE)) -> 294 | E6: =IF(VLOOKUP($A6,'B-Ligands'!$A:$G,7,FALSE)="","",VLOOKUP($A6,'B-Ligands'!$A:$G,7,FALSE)) -> Phys | F6: =IF(T6>0,1,"") -> 1 | G6: =IF(U6>0,1,"") -> 1 | H6: =IF(V6>0,1,"") -> 1 | I6: =IF(W6>0,1,"") | J6: =COUNTIF(L6:O6,">0") -> 3 | K6: =SUBSTITUTE(INDEX(T$1:W$1,1,MATCH(MAX(T6:W6),T6:W6,0)),"-fam","") -> Gq/11 | L6: =IF(T6=0,0,_xlfn.RANK.EQ(T6,$T6:$W6,0)) -> 2 | M6: =IF(U6=0,0,_xlfn.RANK.EQ(U6,$T6:$W6,0)) -> 3 | N6: =IF(V6=0,0,_xlfn.RANK.EQ(V6,$T6:$W6,0)) -> 1 | O6: =IF(W6=0,0,_xlfn.RANK.EQ(W6,$T6:$W6,0)) -> 0 | P6: =T6/MAX($T6:$W6)*100 -> 75.14284 | Q6: =U6/MAX($T6:$W6)*100 -> 67.872973 | R6: =V6/MAX($T6:$W6)*100 -> 100 | S6: =W6/MAX($T6:$W6)*100 -> 0 | T6: =AK6 -> 5.8309946 | U6: =MAX(AL6:AP6) -> 5.2668616 | V6: =MAX(AQ6:AT6) -> 7.7598805 | W6: =MAX(AU6:AV6) -> 0 | X6: =INDEX(AK$1:AV$1,1,MATCH(MAX(AK6:AV6),AK6:AV6,0)) -> G11 | Y6: =AK6/MAX($AK6:$AV6)*100 -> 75.14284 | Z6: =AL6/MAX($AK6:$AV6)*100 -> 63.523304 | AA6: =AM6/MAX($AK6:$AV6)*100 -> 59.059812 | AB6: =AN6/MAX($AK6:$AV6)*100 -> 56.637427 | AC6: =AO6/MAX($AK6:$AV6)*100 -> 61.49901 | AD6: =AP6/MAX($AK6:$AV6)*100 -> 67.872973 | AE6: =AQ6/MAX($AK6:$AV6)*100 -> 97.012772 | AF6: =AR6/MAX($AK6:$AV6)*100 -> 100 | ... AJ6: =AV6/MAX($AK6:$AV6)*100 -> 0 | AK6: {=_xlfn.IFS(AZ6=0,0,AZ6>0,(LOG(0.01*AZ6/10^-CD6)))} -> 5.8309946 | AL6: {=_xlfn.IFS(BA6=0,0,BA6>0,(LOG(0.01*BA6/10^-CE6)))} -> 4.9293325 | AM6: {=_xlfn.IFS(BB6=0,0,BB6>0,(LOG(0.01*BB6/10^-CF6)))} -> 4.5829708 | AN6: {=_xlfn.IFS(BC6=0,0,BC6>0,(LOG(0.01*BC6/10^-CG6)))} -> 4.3949967 | AO6: {=_xlfn.IFS(BD6=0,0,BD6>0,(LOG(0.01*BD6/10^-CH6)))} -> 4.7722497 | AP6: {=_xlfn.IFS(BE6=0,0,BE6>0,(LOG(0.01*BE6/10^-CI6)))} -> 5.2668616 | AQ6: {=_xlfn.IFS(BF6=0,0,BF6>0,(LOG(0.01*BF6/10^-CJ6)))} -> 7.5280752 | AR6: {=_xlfn.IFS(BG6=0,0,BG6>0,(LOG(0.01*BG6/10^-CK6)))} -> 7.7598805 | ... AY6: {=_xlfn.IFS(BN6=0,0,BN6>0,(LOG(0.01*BN6/10^-CR6)))} -> 3.9485597 | AZ6: =IF(BO6="",0,100*BO6/MAX(BO:BO)) -> 52.480098 | BA6: =IF(BP6="",0,100*BP6/MAX($BP:$BT)) -> 28.862405 | BB6: =IF(BQ6="",0,100*BQ6/MAX($BP:$BT)) -> 17.497291 | BC6: =IF(BR6="",0,100*BR6/MAX($BP:$BT)) -> 13.304442 | BD6: =IF(BS6="",0,100*BS6/MAX($BP:$BT)) -> 23.672806 | BE6: =IF(BT6="",0,100*BT6/MAX($BP:$BT)) -> 22.535211 | BF6: =IF(BU6="",0,100*BU6/MAX($BU:$BX)) -> 50.824742 | BG6: =IF(BV6="",0,100*BV6/MAX($BU:$BX)) -> 57.132146 | BH6: =IF(BW6="",0,100*BW6/MAX($BU:$BX)) -> 71.565136 | BI6: =IF(BX6="",0,100*BX6/MAX($BU:$BX)) -> 83.514527 | BJ6: =IF(BY6="",0,100*BY6/MAX($BY:$BZ)) -> 0 | BK6: =IF(BZ6="",0,100*BZ6/MAX($BY:$BZ)) -> 0 | BL6: =IF(CA6="",0,100*CA6/MAX($CA:$CC)) -> 0 | BM6: =IF(CB6="",0,100*CB6/MAX($CA:$CC)) -> 3.4676066 | BN6: =IF(CC6="",0,100*CC6/MAX($CA:$CC)) -> 6.8479355 | BO6: 34.28 | BP6: 266.4 | BQ6: 161.5 | BR6: 122.8 | BS6: 218.5 | BT6: 208 | BU6: 542.3 | BV6: 609.6 | BW6: 763.6 | BX6: 891.1 | CB6: 103.3 | CC6: 204 | CD6: 6.111 | CE6: 5.469 | CF6: 5.34 | CG6: 5.271 | CH6: 5.398 | CI6: 5.914 | CJ6: 7.822 | CK6: 8.003 | CL6: 7.771 | CM6: 7.722 | CQ6: 5.167 | CR6: 5.113 | CS6: =IF(VLOOKUP($A6,'B-Ligands'!$A:$G,3,FALSE)="","",VLOOKUP($A6,'B-Ligands'!$A:$G,3,FALSE)) | CT6: =IF(VLOOKUP($A6,'B-Ligands'!$A:$G,4,FALSE)="","",VLOOKUP($A6,'B-Ligands'!$A:$G,4,FALSE)) -> Acetylcholine | CU6: 6.7165547 | CV6: 23.939753 | CW6: 11.225934 | CX6: 22.316417 | CY6: 22.174459 | CZ6: 14.22569 | DA6: 15.575205 | DB6: 9.545719 | DC6: 6.1994609 | DD6: 12.330702 | DE6: 2.8282415 | DF6: 8.1478211 | DG6: 11.279803 | DH6: 3.8602427 | DI6: 11.226908 | DJ6: =IF(BO6="",0,BO6/CU6) -> 5.1038071 | DK6: =IF(BP6="",0,BP6/CV6) -> 11.127935 | DL6: =IF(BQ6="",0,BQ6/CW6) -> 14.386331 | DM6: =IF(BR6="",0,BR6/CX6) -> 5.5026755 | DN6: =IF(BS6="",0,BS6/CY6) -> 9.853679 | DO6: =IF(BT6="",0,BT6/CZ6) -> 14.621435 | DP6: =IF(BU6="",0,BU6/DA6) -> 34.818161 | DQ6: =IF(BV6="",0,BV6/DB6) -> 63.861088 | ... DX6: =IF(CC6="",0,CC6/DI6) -> 18.17063
A7: ADA2A | B7: 10.7554/eLife.74101 | C7: =IF(VLOOKUP($A7,'B-Ligands'!$A:$G,5,FALSE)="","",VLOOKUP($A7,'B-Ligands'!$A:$G,5,FALSE)) -> Guide To Pharmacology | D7: =IF(VLOOKUP($A7,'B-Ligands'!$A:$G,6,FALSE)="","",VLOOKUP($A7,'B-Ligands'!$A:$G,6,FALSE)) -> 484 | E7: =IF(VLOOKUP($A7,'B-Ligands'!$A:$G,7,FALSE)="","",VLOOKUP($A7,'B-Ligands'!$A:$G,7,FALSE)) -> Phys | F7: =IF(T7>0,1,"") -> 1 | G7: =IF(U7>0,1,"") -> 1 | H7: =IF(V7>0,1,"") -> 1 | I7: =IF(W7>0,1,"") -> 1 | J7: =COUNTIF(L7:O7,">0") -> 4 | K7: =SUBSTITUTE(INDEX(T$1:W$1,1,MATCH(MAX(T7:W7),T7:W7,0)),"-fam","") -> Gi/o | L7: =IF(T7=0,0,_xlfn.RANK.EQ(T7,$T7:$W7,0)) -> 4 | M7: =IF(U7=0,0,_xlfn.RANK.EQ(U7,$T7:$W7,0)) -> 1 | N7: =IF(V7=0,0,_xlfn.RANK.EQ(V7,$T7:$W7,0)) -> 2 | O7: =IF(W7=0,0,_xlfn.RANK.EQ(W7,$T7:$W7,0)) -> 3 | P7: =T7/MAX($T7:$W7)*100 -> 58.189345 | Q7: =U7/MAX($T7:$W7)*100 -> 100 | R7: =V7/MAX($T7:$W7)*100 -> 68.3815 | S7: =W7/MAX($T7:$W7)*100 -> 59.92867 | T7: =AK7 -> 5.3027086 | U7: =MAX(AL7:AP7) -> 9.1128515 | V7: =MAX(AQ7:AT7) -> 6.2315046 | W7: =MAX(AU7:AV7) -> 5.4612107 | X7: =INDEX(AK$1:AV$1,1,MATCH(MAX(AK7:AV7),AK7:AV7,0)) -> Gz | Y7: =AK7/MAX($AK7:$AV7)*100 -> 58.189345 | Z7: =AL7/MAX($AK7:$AV7)*100 -> 93.131138 | AA7: =AM7/MAX($AK7:$AV7)*100 -> 91.020071 | AB7: =AN7/MAX($AK7:$AV7)*100 -> 90.753073 | AC7: =AO7/MAX($AK7:$AV7)*100 -> 96.239792 | AD7: =AP7/MAX($AK7:$AV7)*100 -> 100 | AE7: =AQ7/MAX($AK7:$AV7)*100 -> 50.138397 | AF7: =AR7/MAX($AK7:$AV7)*100 -> 48.571168 | ... AJ7: =AV7/MAX($AK7:$AV7)*100 -> 59.92867 | AK7: {=_xlfn.IFS(AZ7=0,0,AZ7>0,(LOG(0.01*AZ7/10^-CD7)))} -> 5.3027086 | AL7: {=_xlfn.IFS(BA7=0,0,BA7>0,(LOG(0.01*BA7/10^-CE7)))} -> 8.4869023 | AM7: {=_xlfn.IFS(BB7=0,0,BB7>0,(LOG(0.01*BB7/10^-CF7)))} -> 8.2945239 | AN7: {=_xlfn.IFS(BC7=0,0,BC7>0,(LOG(0.01*BC7/10^-CG7)))} -> 8.2701927 | AO7: {=_xlfn.IFS(BD7=0,0,BD7>0,(LOG(0.01*BD7/10^-CH7)))} -> 8.7701893 | AP7: {=_xlfn.IFS(BE7=0,0,BE7>0,(LOG(0.01*BE7/10^-CI7)))} -> 9.1128515 | AQ7: {=_xlfn.IFS(BF7=0,0,BF7>0,(LOG(0.01*BF7/10^-CJ7)))} -> 4.5690377 | AR7: {=_xlfn.IFS(BG7=0,0,BG7>0,(LOG(0.01*BG7/10^-CK7)))} -> 4.4262184 | ... AY7: {=_xlfn.IFS(BN7=0,0,BN7>0,(LOG(0.01*BN7/10^-CR7)))} -> 5.6965993 | AZ7: =IF(BO7="",0,100*BO7/MAX(BO:BO)) -> 27.587263 | BA7: =IF(BP7="",0,100*BP7/MAX($BP:$BT)) -> 93.304442 | BB7: =IF(BQ7="",0,100*BQ7/MAX($BP:$BT)) -> 52.665222 | BC7: =IF(BR7="",0,100*BR7/MAX($BP:$BT)) -> 25.774648 | BD7: =IF(BS7="",0,100*BS7/MAX($BP:$BT)) -> 42.091008 | BE7: =IF(BT7="",0,100*BT7/MAX($BP:$BT)) -> 12.101842 | BF7: =IF(BU7="",0,100*BU7/MAX($BU:$BX)) -> 5.284911 | BG7: =IF(BV7="",0,100*BV7/MAX($BU:$BX)) -> 2.7366448 | BH7: =IF(BW7="",0,100*BW7/MAX($BU:$BX)) -> 6.1443299 | BI7: =IF(BX7="",0,100*BX7/MAX($BU:$BX)) -> 81.565136 | BJ7: =IF(BY7="",0,100*BY7/MAX($BY:$BZ)) -> 9.5865194 | BK7: =IF(BZ7="",0,100*BZ7/MAX($BY:$BZ)) -> 64.004531 | BL7: =IF(CA7="",0,100*CA7/MAX($CA:$CC)) -> 22.121517 | BM7: =IF(CB7="",0,100*CB7/MAX($CA:$CC)) -> 12.272575 | BN7: =IF(CC7="",0,100*CC7/MAX($CA:$CC)) -> 22.366566 | BO7: 18.02 | BP7: 861.2 | BQ7: 486.1 | BR7: 237.9 | BS7: 388.5 | BT7: 111.7 | BU7: 56.39 | BV7: 29.2 | BW7: 65.56 | BX7: 870.3 | BY7: 67.7 | BZ7: 452 | CA7: 659 | CB7: 365.6 | CC7: 666.3 | CD7: 5.862 | CE7: 8.517 | CF7: 8.573 | CG7: 8.859 | CH7: 9.146 | CI7: 10.03 | CJ7: 5.846 | CK7: 5.989 | CL7: 5.649 | CM7: 6.32 | CN7: 6.194 | CO7: 5.655 | CP7: 6.226 | CQ7: 6.008 | CR7: 6.347 | CS7: =IF(VLOOKUP($A7,'B-Ligands'!$A:$G,3,FALSE)="","",VLOOKUP($A7,'B-Ligands'!$A:$G,3,FALSE)) | CT7: =IF(VLOOKUP($A7,'B-Ligands'!$A:$G,4,FALSE)="","",VLOOKUP($A7,'B-Ligands'!$A:$G,4,FALSE)) -> Noradrenaline | CU7: 5.8215552 | CV7: 37.099262 | CW7: 59.735646 | CX7: 51.44338 | CY7: 50.365175 | CZ7: 3.7113204 | DA7: 21.956162 | DB7: 6.3515304 | DC7: 23.784252 | DD7: 20.014695 | DE7: 11.481139 | DF7: 2.9700792 | DG7: 29.800985 | DH7: 20.369691 | DI7: 27.07782 | DJ7: =IF(BO7="",0,BO7/CU7) -> 3.0953928 | DK7: =IF(BP7="",0,BP7/CV7) -> 23.2134 | DL7: =IF(BQ7="",0,BQ7/CW7) -> 8.1375198 | DM7: =IF(BR7="",0,BR7/CX7) -> 4.6245018 | DN7: =IF(BS7="",0,BS7/CY7) -> 7.7136633 | DO7: =IF(BT7="",0,BT7/CZ7) -> 30.097105 | DP7: =IF(BU7="",0,BU7/DA7) -> 2.5682995 | DQ7: =IF(BV7="",0,BV7/DB7) -> 4.5973172 | ... DX7: =IF(CC7="",0,CC7/DI7) -> 24.606855
A8: ACM4 | B8: 10.7554/eLife.74101 | C8: =IF(VLOOKUP($A8,'B-Ligands'!$A:$G,5,FALSE)="","",VLOOKUP($A8,'B-Ligands'!$A:$G,5,FALSE)) -> Guide To Pharmacology | D8: =IF(VLOOKUP($A8,'B-Ligands'!$A:$G,6,FALSE)="","",VLOOKUP($A8,'B-Ligands'!$A:$G,6,FALSE)) -> 294 | E8: =IF(VLOOKUP($A8,'B-Ligands'!$A:$G,7,FALSE)="","",VLOOKUP($A8,'B-Ligands'!$A:$G,7,FALSE)) -> Phys | F8: =IF(T8>0,1,"") | G8: =IF(U8>0,1,"") -> 1 | H8: =IF(V8>0,1,"") -> 1 | I8: =IF(W8>0,1,"") | J8: =COUNTIF(L8:O8,">0") -> 2 | K8: =SUBSTITUTE(INDEX(T$1:W$1,1,MATCH(MAX(T8:W8),T8:W8,0)),"-fam","") -> Gi/o | L8: =IF(T8=0,0,_xlfn.RANK.EQ(T8,$T8:$W8,0)) -> 0 | M8: =IF(U8=0,0,_xlfn.RANK.EQ(U8,$T8:$W8,0)) -> 1 | N8: =IF(V8=0,0,_xlfn.RANK.EQ(V8,$T8:$W8,0)) -> 2 | O8: =IF(W8=0,0,_xlfn.RANK.EQ(W8,$T8:$W8,0)) -> 0 | P8: =T8/MAX($T8:$W8)*100 -> 0 | Q8: =U8/MAX($T8:$W8)*100 -> 100 | R8: =V8/MAX($T8:$W8)*100 -> 78.439878 | S8: =W8/MAX($T8:$W8)*100 -> 0 | T8: =AK8 -> 0 | U8: =MAX(AL8:AP8) -> 8.7404589 | V8: =MAX(AQ8:AT8) -> 6.8560053 | W8: =MAX(AU8:AV8) -> 0 | X8: =INDEX(AK$1:AV$1,1,MATCH(MAX(AK8:AV8),AK8:AV8,0)) -> GoB | Y8: =AK8/MAX($AK8:$AV8)*100 -> 0 | Z8: =AL8/MAX($AK8:$AV8)*100 -> 92.840134 | AA8: =AM8/MAX($AK8:$AV8)*100 -> 94.034547 | AB8: =AN8/MAX($AK8:$AV8)*100 -> 91.982018 | AC8: =AO8/MAX($AK8:$AV8)*100 -> 100 | AD8: =AP8/MAX($AK8:$AV8)*100 -> 90.293395 | AE8: =AQ8/MAX($AK8:$AV8)*100 -> 52.153615 | AF8: =AR8/MAX($AK8:$AV8)*100 -> 0 | ... AJ8: =AV8/MAX($AK8:$AV8)*100 -> 0 | AK8: {=_xlfn.IFS(AZ8=0,0,AZ8>0,(LOG(0.01*AZ8/10^-CD8)))} -> 0 | AL8: {=_xlfn.IFS(BA8=0,0,BA8>0,(LOG(0.01*BA8/10^-CE8)))} -> 8.1146537 | AM8: {=_xlfn.IFS(BB8=0,0,BB8>0,(LOG(0.01*BB8/10^-CF8)))} -> 8.2190509 | AN8: {=_xlfn.IFS(BC8=0,0,BC8>0,(LOG(0.01*BC8/10^-CG8)))} -> 8.0396505 | AO8: {=_xlfn.IFS(BD8=0,0,BD8>0,(LOG(0.01*BD8/10^-CH8)))} -> 8.7404589 | AP8: {=_xlfn.IFS(BE8=0,0,BE8>0,(LOG(0.01*BE8/10^-CI8)))} -> 7.8920571 | AQ8: {=_xlfn.IFS(BF8=0,0,BF8>0,(LOG(0.01*BF8/10^-CJ8)))} -> 4.5584653 | AR8: {=_xlfn.IFS(BG8=0,0,BG8>0,(LOG(0.01*BG8/10^-CK8)))} -> 0 | ... AY8: {=_xlfn.IFS(BN8=0,0,BN8>0,(LOG(0.01*BN8/10^-CR8)))} -> 6.3744095 | AZ8: =IF(BO8="",0,100*BO8/MAX(BO:BO)) -> 0 | BA8: =IF(BP8="",0,100*BP8/MAX($BP:$BT)) -> 75.622969 | BB8: =IF(BQ8="",0,100*BQ8/MAX($BP:$BT)) -> 65.471289 | BC8: =IF(BR8="",0,100*BR8/MAX($BP:$BT)) -> 29.967497 | BD8: =IF(BS8="",0,100*BS8/MAX($BP:$BT)) -> 37.107259 | BE8: =IF(BT8="",0,100*BT8/MAX($BP:$BT)) -> 16.59805 | BF8: =IF(BU8="",0,100*BU8/MAX($BU:$BX)) -> 6.8622306 | BG8: =IF(BV8="",0,100*BV8/MAX($BU:$BX)) -> 0 | BH8: =IF(BW8="",0,100*BW8/MAX($BU:$BX)) -> 13.552015 | BI8: =IF(BX8="",0,100*BX8/MAX($BU:$BX)) -> 81.471415 | BJ8: =IF(BY8="",0,100*BY8/MAX($BY:$BZ)) -> 0 | BK8: =IF(BZ8="",0,100*BZ8/MAX($BY:$BZ)) -> 0 | BL8: =IF(CA8="",0,100*CA8/MAX($CA:$CC)) -> 22.265861 | BM8: =IF(CB8="",0,100*CB8/MAX($CA:$CC)) -> 7.5293723 | BN8: =IF(CC8="",0,100*CC8/MAX($CA:$CC)) -> 23.900638 | BP8: 698 | BQ8: 604.3 | BR8: 276.6 | BS8: 342.5 | BT8: 153.2 | BU8: 73.22 | BW8: 144.6 | BX8: 869.3 | CA8: 663.3 | CB8: 224.3 | CC8: 712 | CE8: 8.236 | CF8: 8.403 | CG8: 8.563 | CH8: 9.171 | CI8: 8.672 | CJ8: 5.722 | CL8: 5.733 | CM8: 6.945 | CP8: 6.543 | CQ8: 6.052 | CR8: 6.996 | CS8: =IF(VLOOKUP($A8,'B-Ligands'!$A:$G,3,FALSE)="","",VLOOKUP($A8,'B-Ligands'!$A:$G,3,FALSE)) | CT8: =IF(VLOOKUP($A8,'B-Ligands'!$A:$G,4,FALSE)="","",VLOOKUP($A8,'B-Ligands'!$A:$G,4,FALSE)) -> Acetylcholine | CU8: 17.264792 | CV8: 14.56499 | CW8: 8.848352 | CX8: 20.1353 | CY8: 17.59767 | CZ8: 17.030247 | DA8: 7.8726425 | DB8: 26.242508 | DC8: 8.3534807 | DD8: 10.570513 | DE8: 9.930764 | DF8: 10.971177 | DG8: 29.972769 | DH8: 8.4031974 | DI8: 3.6730104 | DJ8: =IF(BO8="",0,BO8/CU8) -> 0 | DK8: =IF(BP8="",0,BP8/CV8) -> 47.923136 | DL8: =IF(BQ8="",0,BQ8/CW8) -> 68.295203 | DM8: =IF(BR8="",0,BR8/CX8) -> 13.737069 | DN8: =IF(BS8="",0,BS8/CY8) -> 19.462804 | DO8: =IF(BT8="",0,BT8/CZ8) -> 8.9957591 | DP8: =IF(BU8="",0,BU8/DA8) -> 9.3005621 | DQ8: =IF(BV8="",0,BV8/DB8) -> 0 | ... DX8: =IF(CC8="",0,CC8/DI8) -> 193.84644
A9: V1AR | B9: 10.7554/eLife.74101 | C9: =IF(VLOOKUP($A9,'B-Ligands'!$A:$G,5,FALSE)="","",VLOOKUP($A9,'B-Ligands'!$A:$G,5,FALSE)) -> Guide To Pharmacology | D9: =IF(VLOOKUP($A9,'B-Ligands'!$A:$G,6,FALSE)="","",VLOOKUP($A9,'B-Ligands'!$A:$G,6,FALSE)) -> 2168 | E9: =IF(VLOOKUP($A9,'B-Ligands'!$A:$G,7,FALSE)="","",VLOOKUP($A9,'B-Ligands'!$A:$G,7,FALSE)) -> Phys | F9: =IF(T9>0,1,"") | G9: =IF(U9>0,1,"") -> 1 | H9: =IF(V9>0,1,"") -> 1 | I9: =IF(W9>0,1,"") | J9: =COUNTIF(L9:O9,">0") -> 2 | K9: =SUBSTITUTE(INDEX(T$1:W$1,1,MATCH(MAX(T9:W9),T9:W9,0)),"-fam","") -> Gq/11 | L9: =IF(T9=0,0,_xlfn.RANK.EQ(T9,$T9:$W9,0)) -> 0 | M9: =IF(U9=0,0,_xlfn.RANK.EQ(U9,$T9:$W9,0)) -> 2 | N9: =IF(V9=0,0,_xlfn.RANK.EQ(V9,$T9:$W9,0)) -> 1 | O9: =IF(W9=0,0,_xlfn.RANK.EQ(W9,$T9:$W9,0)) -> 0 | P9: =T9/MAX($T9:$W9)*100 -> 0 | Q9: =U9/MAX($T9:$W9)*100 -> 80.355086 | R9: =V9/MAX($T9:$W9)*100 -> 100 | S9: =W9/MAX($T9:$W9)*100 -> 0 | T9: =AK9 -> 0 | U9: =MAX(AL9:AP9) -> 6.9991878 | V9: =MAX(AQ9:AT9) -> 8.7103233 | W9: =MAX(AU9:AV9) -> 0 | X9: =INDEX(AK$1:AV$1,1,MATCH(MAX(AK9:AV9),AK9:AV9,0)) -> G11 | Y9: =AK9/MAX($AK9:$AV9)*100 -> 0 | Z9: =AL9/MAX($AK9:$AV9)*100 -> 78.418355 | AA9: =AM9/MAX($AK9:$AV9)*100 -> 77.002524 | AB9: =AN9/MAX($AK9:$AV9)*100 -> 79.471288 | AC9: =AO9/MAX($AK9:$AV9)*100 -> 78.153941 | AD9: =AP9/MAX($AK9:$AV9)*100 -> 80.355086 | AE9: =AQ9/MAX($AK9:$AV9)*100 -> 98.046121 | AF9: =AR9/MAX($AK9:$AV9)*100 -> 100 | ... AJ9: =AV9/MAX($AK9:$AV9)*100 -> 0 | AK9: {=_xlfn.IFS(AZ9=0,0,AZ9>0,(LOG(0.01*AZ9/10^-CD9)))} -> 0 | AL9: {=_xlfn.IFS(BA9=0,0,BA9>0,(LOG(0.01*BA9/10^-CE9)))} -> 6.8304923 | AM9: {=_xlfn.IFS(BB9=0,0,BB9>0,(LOG(0.01*BB9/10^-CF9)))} -> 6.7071688 | AN9: {=_xlfn.IFS(BC9=0,0,BC9>0,(LOG(0.01*BC9/10^-CG9)))} -> 6.9222062 | AO9: {=_xlfn.IFS(BD9=0,0,BD9>0,(LOG(0.01*BD9/10^-CH9)))} -> 6.807461 | AP9: {=_xlfn.IFS(BE9=0,0,BE9>0,(LOG(0.01*BE9/10^-CI9)))} -> 6.9991878 | AQ9: {=_xlfn.IFS(BF9=0,0,BF9>0,(LOG(0.01*BF9/10^-CJ9)))} -> 8.5401342 | AR9: {=_xlfn.IFS(BG9=0,0,BG9>0,(LOG(0.01*BG9/10^-CK9)))} -> 8.7103233 | ... AY9: {=_xlfn.IFS(BN9=0,0,BN9>0,(LOG(0.01*BN9/10^-CR9)))} -> 7.3206017 | AZ9: =IF(BO9="",0,100*BO9/MAX(BO:BO)) -> 0 | BA9: =IF(BP9="",0,100*BP9/MAX($BP:$BT)) -> 10.60455 | BB9: =IF(BQ9="",0,100*BQ9/MAX($BP:$BT)) -> 6.312026 | BC9: =IF(BR9="",0,100*BR9/MAX($BP:$BT)) -> 6.1830986 | BD9: =IF(BS9="",0,100*BS9/MAX($BP:$BT)) -> 5.6814735 | BE9: =IF(BT9="",0,100*BT9/MAX($BP:$BT)) -> 10.073673 | BF9: =IF(BU9="",0,100*BU9/MAX($BU:$BX)) -> 57.69447 | BG9: =IF(BV9="",0,100*BV9/MAX($BU:$BX)) -> 76.616682 | BH9: =IF(BW9="",0,100*BW9/MAX($BU:$BX)) -> 77.956888 | BI9: =IF(BX9="",0,100*BX9/MAX($BU:$BX)) -> 79.784442 | BJ9: =IF(BY9="",0,100*BY9/MAX($BY:$BZ)) -> 0 | BK9: =IF(BZ9="",0,100*BZ9/MAX($BY:$BZ)) -> 0 | BL9: =IF(CA9="",0,100*CA9/MAX($CA:$CC)) -> 29.879154 | BM9: =IF(CB9="",0,100*CB9/MAX($CA:$CC)) -> 22.836522 | BN9: =IF(CC9="",0,100*CC9/MAX($CA:$CC)) -> 31.376301 | BP9: 97.88 | BQ9: 58.26 | BR9: 57.07 | BS9: 52.44 | BT9: 92.98 | BU9: 615.6 | BV9: 817.5 | BW9: 831.8 | BX9: 851.3 | CA9: 890.1 | CB9: 680.3 | CC9: 934.7 | CE9: 7.805 | CF9: 7.907 | CG9: 8.131 | CH9: 8.053 | CI9: 7.996 | CJ9: 8.779 | CK9: 8.826 | CL9: 8.187 | CM9: 8.01 | CP9: 7.743 | CQ9: 7.841 | CR9: 7.824 | CS9: =IF(VLOOKUP($A9,'B-Ligands'!$A:$G,3,FALSE)="","",VLOOKUP($A9,'B-Ligands'!$A:$G,3,FALSE)) -> AVP | CT9: =IF(VLOOKUP($A9,'B-Ligands'!$A:$G,4,FALSE)="","",VLOOKUP($A9,'B-Ligands'!$A:$G,4,FALSE)) -> Vasopressin | CU9: 9.6057439 | CV9: 2.9288447 | CW9: 8.1434844 | CX9: 6.0507239 | CY9: 3.935063 | CZ9: 1.0479132 | DA9: 8.5510395 | DB9: 4.117783 | DC9: 6.1085796 | DD9: 5.6743723 | DE9: 17.867628 | DF9: 12.702031 | DG9: 9.0882481 | DH9: 3.8338979 | DI9: 5.6784866 | DJ9: =IF(BO9="",0,BO9/CU9) -> 0 | DK9: =IF(BP9="",0,BP9/CV9) -> 33.419321 | DL9: =IF(BQ9="",0,BQ9/CW9) -> 7.1541857 | DM9: =IF(BR9="",0,BR9/CX9) -> 9.4319292 | DN9: =IF(BS9="",0,BS9/CY9) -> 13.326343 | DO9: =IF(BT9="",0,BT9/CZ9) -> 88.728723 | DP9: =IF(BU9="",0,BU9/DA9) -> 71.991247 | DQ9: =IF(BV9="",0,BV9/DB9) -> 198.52916 | ... DX9: =IF(CC9="",0,CC9/DI9) -> 164.60372
A10: CCKAR | B10: 10.7554/eLife.74101 | C10: =IF(VLOOKUP($A10,'B-Ligands'!$A:$G,5,FALSE)="","",VLOOKUP($A10,'B-Ligands'!$A:$G,5,FALSE)) -> Guide To Pharmacology | D10: =IF(VLOOKUP($A10,'B-Ligands'!$A:$G,6,FALSE)="","",VLOOKUP($A10,'B-Ligands'!$A:$G,6,FALSE)) -> 864 | E10: =IF(VLOOKUP($A10,'B-Ligands'!$A:$G,7,FALSE)="","",VLOOKUP($A10,'B-Ligands'!$A:$G,7,FALSE)) -> Phys | F10: =IF(T10>0,1,"") -> 1 | G10: =IF(U10>0,1,"") -> 1 | H10: =IF(V10>0,1,"") -> 1 | I10: =IF(W10>0,1,"") -> 1 | J10: =COUNTIF(L10:O10,">0") -> 4 | K10: =SUBSTITUTE(INDEX(T$1:W$1,1,MATCH(MAX(T10:W10),T10:W10,0)),"-fam","") -> G12/13 | L10: =IF(T10=0,0,_xlfn.RANK.EQ(T10,$T10:$W10,0)) -> 4 | M10: =IF(U10=0,0,_xlfn.RANK.EQ(U10,$T10:$W10,0)) -> 3 | N10: =IF(V10=0,0,_xlfn.RANK.EQ(V10,$T10:$W10,0)) -> 2 | O10: =IF(W10=0,0,_xlfn.RANK.EQ(W10,$T10:$W10,0)) -> 1 | P10: =T10/MAX($T10:$W10)*100 -> 82.897919 | Q10: =U10/MAX($T10:$W10)*100 -> 87.589304 | R10: =V10/MAX($T10:$W10)*100 -> 99.29236 | S10: =W10/MAX($T10:$W10)*100 -> 100 | T10: =AK10 -> 8.0784279 | U10: =MAX(AL10:AP10) -> 8.5356048 | V10: =MAX(AQ10:AT10) -> 9.6760712 | W10: =MAX(AU10:AV10) -> 9.745031 | X10: =INDEX(AK$1:AV$1,1,MATCH(MAX(AK10:AV10),AK10:AV10,0)) -> G12 | Y10: =AK10/MAX($AK10:$AV10)*100 -> 82.897919 | Z10: =AL10/MAX($AK10:$AV10)*100 -> 86.510777 | AA10: =AM10/MAX($AK10:$AV10)*100 -> 84.477598 | AB10: =AN10/MAX($AK10:$AV10)*100 -> 87.589304 | AC10: =AO10/MAX($AK10:$AV10)*100 -> 86.751016 | AD10: =AP10/MAX($AK10:$AV10)*100 -> 79.980663 | AE10: =AQ10/MAX($AK10:$AV10)*100 -> 96.05764 | AF10: =AR10/MAX($AK10:$AV10)*100 -> 98.476207 | ... AJ10: =AV10/MAX($AK10:$AV10)*100 -> 94.283949 | AK10: {=_xlfn.IFS(AZ10=0,0,AZ10>0,(LOG(0.01*AZ10/10^-CD10)))} -> 8.0784279 | AL10: {=_xlfn.IFS(BA10=0,0,BA10>0,(LOG(0.01*BA10/10^-CE10)))} -> 8.430502 | AM10: {=_xlfn.IFS(BB10=0,0,BB10>0,(LOG(0.01*BB10/10^-CF10)))} -> 8.2323681 | AN10: {=_xlfn.IFS(BC10=0,0,BC10>0,(LOG(0.01*BC10/10^-CG10)))} -> 8.5356048 | AO10: {=_xlfn.IFS(BD10=0,0,BD10>0,(LOG(0.01*BD10/10^-CH10)))} -> 8.4539134 | AP10: {=_xlfn.IFS(BE10=0,0,BE10>0,(LOG(0.01*BE10/10^-CI10)))} -> 7.7941404 | AQ10: {=_xlfn.IFS(BF10=0,0,BF10>0,(LOG(0.01*BF10/10^-CJ10)))} -> 9.3608468 | AR10: {=_xlfn.IFS(BG10=0,0,BG10>0,(LOG(0.01*BG10/10^-CK10)))} -> 9.5965369 | ... AY10: {=_xlfn.IFS(BN10=0,0,BN10>0,(LOG(0.01*BN10/10^-CR10)))} -> 8.4287731 | AZ10: =IF(BO10="",0,100*BO10/MAX(BO:BO)) -> 39.941825 | BA10: =IF(BP10="",0,100*BP10/MAX($BP:$BT)) -> 54.387866 | BB10: =IF(BQ10="",0,100*BQ10/MAX($BP:$BT)) -> 24.008667 | BC10: =IF(BR10="",0,100*BR10/MAX($BP:$BT)) -> 25.503792 | BD10: =IF(BS10="",0,100*BS10/MAX($BP:$BT)) -> 26.056338 | BE10: =IF(BT10="",0,100*BT10/MAX($BP:$BT)) -> 18.244854 | BF10: =IF(BU10="",0,100*BU10/MAX($BU:$BX)) -> 42.839738 | BG10: =IF(BV10="",0,100*BV10/MAX($BU:$BX)) -> 51.349578 | BH10: =IF(BW10="",0,100*BW10/MAX($BU:$BX)) -> 56.373008 | BI10: =IF(BX10="",0,100*BX10/MAX($BU:$BX)) -> 79.512652 | BJ10: =IF(BY10="",0,100*BY10/MAX($BY:$BZ)) -> 13.336165 | BK10: =IF(BZ10="",0,100*BZ10/MAX($BY:$BZ)) -> 100 | BL10: =IF(CA10="",0,100*CA10/MAX($CA:$CC)) -> 46.12286 | BM10: =IF(CB10="",0,100*CB10/MAX($CA:$CC)) -> 27.593152 | BN10: =IF(CC10="",0,100*CC10/MAX($CA:$CC)) -> 51.023834 | BO10: 26.09 | BP10: 502 | BQ10: 221.6 | BR10: 235.4 | BS10: 240.5 | BT10: 168.4 | BU10: 457.1 | BV10: 547.9 | BW10: 601.5 | BX10: 848.4 | BY10: 94.18 | BZ10: 706.2 | CA10: 1374 | CB10: 822 | CC10: 1520 | CD10: 8.477 | CE10: 8.695 | CF10: 8.852 | CG10: 9.129 | CH10: 9.038 | CI10: 8.533 | CJ10: 9.729 | CK10: 9.886 | CL10: 9.925 | CM10: 8.911 | CN10: 10.62 | CO10: 9.188 | CP10: 8.329 | CQ10: 7.919 | CR10: 8.721 | CS10: =IF(VLOOKUP($A10,'B-Ligands'!$A:$G,3,FALSE)="","",VLOOKUP($A10,'B-Ligands'!$A:$G,3,FALSE)) -> CCK-8 | CT10: =IF(VLOOKUP($A10,'B-Ligands'!$A:$G,4,FALSE)="","",VLOOKUP($A10,'B-Ligands'!$A:$G,4,FALSE)) -> Cholecystokinin 8 | CU10: 6.1193556 | CV10: 10.562021 | CW10: 2.2564256 | CX10: 24.717211 | CY10: 17.499667 | CZ10: 2.3220149 | DA10: 2.8129304 | DB10: 2.6731684 | DC10: 4.6772703 | DD10: 3.3899128 | DE10: 13.779842 | DF10: 15.914174 | DG10: 19.057834 | DH10: 1.9496295 | DI10: 10.099421 | DJ10: =IF(BO10="",0,BO10/CU10) -> 4.2635208 | DK10: =IF(BP10="",0,BP10/CV10) -> 47.528783 | DL10: =IF(BQ10="",0,BQ10/CW10) -> 98.208422 | DM10: =IF(BR10="",0,BR10/CX10) -> 9.5237283 | DN10: =IF(BS10="",0,BS10/CY10) -> 13.743118 | DO10: =IF(BT10="",0,BT10/CZ10) -> 72.523221 | DP10: =IF(BU10="",0,BU10/DA10) -> 162.49958 | DQ10: =IF(BV10="",0,BV10/DB10) -> 204.96277 | ... DX10: =IF(CC10="",0,CC10/DI10) -> 150.50368
A11: 5HT1A | B11: 10.7554/eLife.74101 | C11: =IF(VLOOKUP($A11,'B-Ligands'!$A:$G,5,FALSE)="","",VLOOKUP($A11,'B-Ligands'!$A:$G,5,FALSE)) -> Guide To Pharmacology | D11: =IF(VLOOKUP($A11,'B-Ligands'!$A:$G,6,FALSE)="","",VLOOKUP($A11,'B-Ligands'!$A:$G,6,FALSE)) -> 5 | E11: =IF(VLOOKUP($A11,'B-Ligands'!$A:$G,7,FALSE)="","",VLOOKUP($A11,'B-Ligands'!$A:$G,7,FALSE)) -> Phys | F11: =IF(T11>0,1,"") | G11: =IF(U11>0,1,"") -> 1 | H11: =IF(V11>0,1,"") -> 1 | I11: =IF(W11>0,1,"") | J11: =COUNTIF(L11:O11,">0") -> 2 | K11: =SUBSTITUTE(INDEX(T$1:W$1,1,MATCH(MAX(T11:W11),T11:W11,0)),"-fam","") -> Gi/o | L11: =IF(T11=0,0,_xlfn.RANK.EQ(T11,$T11:$W11,0)) -> 0 | M11: =IF(U11=0,0,_xlfn.RANK.EQ(U11,$T11:$W11,0)) -> 1 | N11: =IF(V11=0,0,_xlfn.RANK.EQ(V11,$T11:$W11,0)) -> 2 | O11: =IF(W11=0,0,_xlfn.RANK.EQ(W11,$T11:$W11,0)) -> 0 | P11: =T11/MAX($T11:$W11)*100 -> 0 | Q11: =U11/MAX($T11:$W11)*100 -> 100 | R11: =V11/MAX($T11:$W11)*100 -> 81.193693 | S11: =W11/MAX($T11:$W11)*100 -> 0 | T11: =AK11 -> 0 | U11: =MAX(AL11:AP11) -> 8.2691545 | V11: =MAX(AQ11:AT11) -> 6.7140319 | W11: =MAX(AU11:AV11) -> 0 | X11: =INDEX(AK$1:AV$1,1,MATCH(MAX(AK11:AV11),AK11:AV11,0)) -> GoB | Y11: =AK11/MAX($AK11:$AV11)*100 -> 0 | Z11: =AL11/MAX($AK11:$AV11)*100 -> 92.144273 | AA11: =AM11/MAX($AK11:$AV11)*100 -> 85.08465 | AB11: =AN11/MAX($AK11:$AV11)*100 -> 96.602892 | AC11: =AO11/MAX($AK11:$AV11)*100 -> 100 | AD11: =AP11/MAX($AK11:$AV11)*100 -> 95.66883 | AE11: =AQ11/MAX($AK11:$AV11)*100 -> 0 | AF11: =AR11/MAX($AK11:$AV11)*100 -> 0 | ... AJ11: =AV11/MAX($AK11:$AV11)*100 -> 0 | AK11: {=_xlfn.IFS(AZ11=0,0,AZ11>0,(LOG(0.01*AZ11/10^-CD11)))} -> 0 | AL11: {=_xlfn.IFS(BA11=0,0,BA11>0,(LOG(0.01*BA11/10^-CE11)))} -> 7.6195523 | AM11: {=_xlfn.IFS(BB11=0,0,BB11>0,(LOG(0.01*BB11/10^-CF11)))} -> 7.0357811 | AN11: {=_xlfn.IFS(BC11=0,0,BC11>0,(LOG(0.01*BC11/10^-CG11)))} -> 7.9882424 | AO11: {=_xlfn.IFS(BD11=0,0,BD11>0,(LOG(0.01*BD11/10^-CH11)))} -> 8.2691545 | AP11: {=_xlfn.IFS(BE11=0,0,BE11>0,(LOG(0.01*BE11/10^-CI11)))} -> 7.9110034 | AQ11: {=_xlfn.IFS(BF11=0,0,BF11>0,(LOG(0.01*BF11/10^-CJ11)))} -> 0 | AR11: {=_xlfn.IFS(BG11=0,0,BG11>0,(LOG(0.01*BG11/10^-CK11)))} -> 0 | ... AY11: {=_xlfn.IFS(BN11=0,0,BN11>0,(LOG(0.01*BN11/10^-CR11)))} -> 5.4232844 | AZ11: =IF(BO11="",0,100*BO11/MAX(BO:BO)) -> 0 | BA11: =IF(BP11="",0,100*BP11/MAX($BP:$BT)) -> 68.320693 | BB11: =IF(BQ11="",0,100*BQ11/MAX($BP:$BT)) -> 41.094258 | BC11: =IF(BR11="",0,100*BR11/MAX($BP:$BT)) -> 23.726977 | BD11: =IF(BS11="",0,100*BS11/MAX($BP:$BT)) -> 36.153846 | BE11: =IF(BT11="",0,100*BT11/MAX($BP:$BT)) -> 20.84507 | BF11: =IF(BU11="",0,100*BU11/MAX($BU:$BX)) -> 0 | BG11: =IF(BV11="",0,100*BV11/MAX($BU:$BX)) -> 0 | BH11: =IF(BW11="",0,100*BW11/MAX($BU:$BX)) -> 13.880037 | BI11: =IF(BX11="",0,100*BX11/MAX($BU:$BX)) -> 75.688847 | BJ11: =IF(BY11="",0,100*BY11/MAX($BY:$BZ)) -> 0 | BK11: =IF(BZ11="",0,100*BZ11/MAX($BY:$BZ)) -> 0 | BL11: =IF(CA11="",0,100*CA11/MAX($CA:$CC)) -> 3.1910037 | BM11: =IF(CB11="",0,100*CB11/MAX($CA:$CC)) -> 3.1628063 | BN11: =IF(CC11="",0,100*CC11/MAX($CA:$CC)) -> 6.0993622 | BP11: 630.6 | BQ11: 379.3 | BR11: 219 | BS11: 333.7 | BT11: 192.4 | BW11: 148.1 | BX11: 807.6 | CA11: 95.06 | CB11: 94.22 | CC11: 181.7 | CE11: 7.785 | CF11: 7.422 | CG11: 8.613 | CH11: 8.711 | CI11: 8.592 | CL11: 6.215 | CM11: 6.835 | CP11: 6.579 | CQ11: 6.477 | CR11: 6.638 | CS11: =IF(VLOOKUP($A11,'B-Ligands'!$A:$G,3,FALSE)="","",VLOOKUP($A11,'B-Ligands'!$A:$G,3,FALSE)) | CT11: =IF(VLOOKUP($A11,'B-Ligands'!$A:$G,4,FALSE)="","",VLOOKUP($A11,'B-Ligands'!$A:$G,4,FALSE)) -> Serotonin | CU11: 12.506612 | CV11: 26.68292 | CW11: 12.127683 | CX11: 4.0158107 | CY11: 18.473651 | CZ11: 30.179716 | DA11: 30.407166 | DB11: 18.759059 | DC11: 8.5027387 | DD11: 22.39184 | DE11: 3.9936236 | DF11: 0.60011222 | DG11: 14.510347 | DH11: 44.33622 | DI11: 51.685651 | DJ11: =IF(BO11="",0,BO11/CU11) -> 0 | DK11: =IF(BP11="",0,BP11/CV11) -> 23.633095 | DL11: =IF(BQ11="",0,BQ11/CW11) -> 31.275555 | DM11: =IF(BR11="",0,BR11/CX11) -> 54.534443 | DN11: =IF(BS11="",0,BS11/CY11) -> 18.063565 | DO11: =IF(BT11="",0,BT11/CZ11) -> 6.3751429 | DP11: =IF(BU11="",0,BU11/DA11) -> 0 | DQ11: =IF(BV11="",0,BV11/DB11) -> 0 | ... DX11: =IF(CC11="",0,CC11/DI11) -> 3.5154825
A12: PE2R1 | B12: 10.7554/eLife.74101 | C12: =IF(VLOOKUP($A12,'B-Ligands'!$A:$G,5,FALSE)="","",VLOOKUP($A12,'B-Ligands'!$A:$G,5,FALSE)) -> Guide To Pharmacology | D12: =IF(VLOOKUP($A12,'B-Ligands'!$A:$G,6,FALSE)="","",VLOOKUP($A12,'B-Ligands'!$A:$G,6,FALSE)) -> 1883 | E12: =IF(VLOOKUP($A12,'B-Ligands'!$A:$G,7,FALSE)="","",VLOOKUP($A12,'B-Ligands'!$A:$G,7,FALSE)) -> Phys | F12: =IF(T12>0,1,"") | G12: =IF(U12>0,1,"") -> 1 | H12: =IF(V12>0,1,"") -> 1 | I12: =IF(W12>0,1,"") -> 1 | J12: =COUNTIF(L12:O12,">0") -> 3 | K12: =SUBSTITUTE(INDEX(T$1:W$1,1,MATCH(MAX(T12:W12),T12:W12,0)),"-fam","") -> Gq/11 | L12: =IF(T12=0,0,_xlfn.RANK.EQ(T12,$T12:$W12,0)) -> 0 | M12: =IF(U12=0,0,_xlfn.RANK.EQ(U12,$T12:$W12,0)) -> 3 | N12: =IF(V12=0,0,_xlfn.RANK.EQ(V12,$T12:$W12,0)) -> 1 | O12: =IF(W12=0,0,_xlfn.RANK.EQ(W12,$T12:$W12,0)) -> 2 | P12: =T12/MAX($T12:$W12)*100 -> 0 | Q12: =U12/MAX($T12:$W12)*100 -> 72.731777 | R12: =V12/MAX($T12:$W12)*100 -> 100 | S12: =W12/MAX($T12:$W12)*100 -> 93.498725 | T12: =AK12 -> 0 | U12: =MAX(AL12:AP12) -> 6.6700809 | V12: =MAX(AQ12:AT12) -> 9.1707933 | W12: =MAX(AU12:AV12) -> 8.5745748 | X12: =INDEX(AK$1:AV$1,1,MATCH(MAX(AK12:AV12),AK12:AV12,0)) -> G15 | Y12: =AK12/MAX($AK12:$AV12)*100 -> 0 | Z12: =AL12/MAX($AK12:$AV12)*100 -> 56.831498 | AA12: =AM12/MAX($AK12:$AV12)*100 -> 64.139463 | AB12: =AN12/MAX($AK12:$AV12)*100 -> 72.731777 | AC12: =AO12/MAX($AK12:$AV12)*100 -> 67.454852 | AD12: =AP12/MAX($AK12:$AV12)*100 -> 0 | AE12: =AQ12/MAX($AK12:$AV12)*100 -> 83.662377 | AF12: =AR12/MAX($AK12:$AV12)*100 -> 84.579909 | ... AJ12: =AV12/MAX($AK12:$AV12)*100 -> 76.100183 | AK12: {=_xlfn.IFS(AZ12=0,0,AZ12>0,(LOG(0.01*AZ12/10^-CD12)))} -> 0 | AL12: {=_xlfn.IFS(BA12=0,0,BA12>0,(LOG(0.01*BA12/10^-CE12)))} -> 5.2118992 | AM12: {=_xlfn.IFS(BB12=0,0,BB12>0,(LOG(0.01*BB12/10^-CF12)))} -> 5.8820976 | AN12: {=_xlfn.IFS(BC12=0,0,BC12>0,(LOG(0.01*BC12/10^-CG12)))} -> 6.6700809 | AO12: {=_xlfn.IFS(BD12=0,0,BD12>0,(LOG(0.01*BD12/10^-CH12)))} -> 6.1861451 | AP12: {=_xlfn.IFS(BE12=0,0,BE12>0,(LOG(0.01*BE12/10^-CI12)))} -> 0 | AQ12: {=_xlfn.IFS(BF12=0,0,BF12>0,(LOG(0.01*BF12/10^-CJ12)))} -> 7.6725036 | AR12: {=_xlfn.IFS(BG12=0,0,BG12>0,(LOG(0.01*BG12/10^-CK12)))} -> 7.7566486 | ... AY12: {=_xlfn.IFS(BN12=0,0,BN12>0,(LOG(0.01*BN12/10^-CR12)))} -> 0 | AZ12: =IF(BO12="",0,100*BO12/MAX(BO:BO)) -> 0 | BA12: =IF(BP12="",0,100*BP12/MAX($BP:$BT)) -> 6.0520043 | BB12: =IF(BQ12="",0,100*BQ12/MAX($BP:$BT)) -> 3.2816901 | BC12: =IF(BR12="",0,100*BR12/MAX($BP:$BT)) -> 4.6782232 | BD12: =IF(BS12="",0,100*BS12/MAX($BP:$BT)) -> 5.3228602 | BE12: =IF(BT12="",0,100*BT12/MAX($BP:$BT)) -> 0 | BF12: =IF(BU12="",0,100*BU12/MAX($BU:$BX)) -> 22.464855 | BG12: =IF(BV12="",0,100*BV12/MAX($BU:$BX)) -> 30.384255 | BH12: =IF(BW12="",0,100*BW12/MAX($BU:$BX)) -> 14.75164 | BI12: =IF(BX12="",0,100*BX12/MAX($BU:$BX)) -> 75.47329 | BJ12: =IF(BY12="",0,100*BY12/MAX($BY:$BZ)) -> 11.496743 | BK12: =IF(BZ12="",0,100*BZ12/MAX($BY:$BZ)) -> 8.749646 | BL12: =IF(CA12="",0,100*CA12/MAX($CA:$CC)) -> 0 | BM12: =IF(CB12="",0,100*CB12/MAX($CA:$CC)) -> 1.1161464 | BN12: =IF(CC12="",0,100*CC12/MAX($CA:$CC)) -> 0 | BP12: 55.86 | BQ12: 30.29 | BR12: 43.18 | BS12: 49.13 | BU12: 239.7 | BV12: 324.2 | BW12: 157.4 | BX12: 805.3 | BY12: 81.19 | BZ12: 61.79 | CB12: 33.25 | CE12: 6.43 | CF12: 7.366 | CG12: 8 | CH12: 7.46 | CJ12: 8.321 | CK12: 8.274 | CL12: 7.946 | CM12: 9.293 | CN12: 9.514 | CO12: 8.037 | CQ12: 7.407 | CS12: =IF(VLOOKUP($A12,'B-Ligands'!$A:$G,3,FALSE)="","",VLOOKUP($A12,'B-Ligands'!$A:$G,3,FALSE)) -> PGE2 | CT12: =IF(VLOOKUP($A12,'B-Ligands'!$A:$G,4,FALSE)="","",VLOOKUP($A12,'B-Ligands'!$A:$G,4,FALSE)) -> Prostaglandin E2 | CU12: 12.993482 | CV12: 25.430388 | CW12: 7.8388755 | CX12: 13.47391 | CY12: 15.692677 | CZ12: 3.8814959 | DA12: 13.783701 | DB12: 15.561459 | DC12: 14.230644 | DD12: 11.137744 | DE12: 22.31171 | DF12: 18.872758 | DG12: 11.455748 | DH12: 10.679613 | DI12: 20.386431 | DJ12: =IF(BO12="",0,BO12/CU12) -> 0 | DK12: =IF(BP12="",0,BP12/CV12) -> 2.1965847 | DL12: =IF(BQ12="",0,BQ12/CW12) -> 3.8640747 | DM12: =IF(BR12="",0,BR12/CX12) -> 3.2047119 | DN12: =IF(BS12="",0,BS12/CY12) -> 3.1307596 | DO12: =IF(BT12="",0,BT12/CZ12) -> 0 | DP12: =IF(BU12="",0,BU12/DA12) -> 17.390104 | DQ12: =IF(BV12="",0,BV12/DB12) -> 20.833523 | ... DX12: =IF(CC12="",0,CC12/DI12) -> 0
A13: 5HT2A | B13: 10.7554/eLife.74101 | C13: =IF(VLOOKUP($A13,'B-Ligands'!$A:$G,5,FALSE)="","",VLOOKUP($A13,'B-Ligands'!$A:$G,5,FALSE)) -> Guide To Pharmacology | D13: =IF(VLOOKUP($A13,'B-Ligands'!$A:$G,6,FALSE)="","",VLOOKUP($A13,'B-Ligands'!$A:$G,6,FALSE)) -> 5 | E13: =IF(VLOOKUP($A13,'B-Ligands'!$A:$G,7,FALSE)="","",VLOOKUP($A13,'B-Ligands'!$A:$G,7,FALSE)) -> Phys | F13: =IF(T13>0,1,"") | G13: =IF(U13>0,1,"") -> 1 | H13: =IF(V13>0,1,"") -> 1 | I13: =IF(W13>0,1,"") | J13: =COUNTIF(L13:O13,">0") -> 2 | K13: =SUBSTITUTE(INDEX(T$1:W$1,1,MATCH(MAX(T13:W13),T13:W13,0)),"-fam","") -> Gq/11 | L13: =IF(T13=0,0,_xlfn.RANK.EQ(T13,$T13:$W13,0)) -> 0 | M13: =IF(U13=0,0,_xlfn.RANK.EQ(U13,$T13:$W13,0)) -> 2 | N13: =IF(V13=0,0,_xlfn.RANK.EQ(V13,$T13:$W13,0)) -> 1 | O13: =IF(W13=0,0,_xlfn.RANK.EQ(W13,$T13:$W13,0)) -> 0 | P13: =T13/MAX($T13:$W13)*100 -> 0 | Q13: =U13/MAX($T13:$W13)*100 -> 77.306567 | R13: =V13/MAX($T13:$W13)*100 -> 100 | S13: =W13/MAX($T13:$W13)*100 -> 0 | T13: =AK13 -> 0 | U13: =MAX(AL13:AP13) -> 6.6614875 | V13: =MAX(AQ13:AT13) -> 8.616975 | W13: =MAX(AU13:AV13) -> 0 | X13: =INDEX(AK$1:AV$1,1,MATCH(MAX(AK13:AV13),AK13:AV13,0)) -> G14 | Y13: =AK13/MAX($AK13:$AV13)*100 -> 0 | Z13: =AL13/MAX($AK13:$AV13)*100 -> 67.943945 | AA13: =AM13/MAX($AK13:$AV13)*100 -> 63.29923 | AB13: =AN13/MAX($AK13:$AV13)*100 -> 62.258112 | AC13: =AO13/MAX($AK13:$AV13)*100 -> 66.395032 | AD13: =AP13/MAX($AK13:$AV13)*100 -> 77.306567 | AE13: =AQ13/MAX($AK13:$AV13)*100 -> 97.706871 | AF13: =AR13/MAX($AK13:$AV13)*100 -> 98.806257 | ... AJ13: =AV13/MAX($AK13:$AV13)*100 -> 0 | AK13: {=_xlfn.IFS(AZ13=0,0,AZ13>0,(LOG(0.01*AZ13/10^-CD13)))} -> 0 | AL13: {=_xlfn.IFS(BA13=0,0,BA13>0,(LOG(0.01*BA13/10^-CE13)))} -> 5.8547128 | AM13: {=_xlfn.IFS(BB13=0,0,BB13>0,(LOG(0.01*BB13/10^-CF13)))} -> 5.4544788 | AN13: {=_xlfn.IFS(BC13=0,0,BC13>0,(LOG(0.01*BC13/10^-CG13)))} -> 5.364766 | AO13: {=_xlfn.IFS(BD13=0,0,BD13>0,(LOG(0.01*BD13/10^-CH13)))} -> 5.7212433 | AP13: {=_xlfn.IFS(BE13=0,0,BE13>0,(LOG(0.01*BE13/10^-CI13)))} -> 6.6614875 | AQ13: {=_xlfn.IFS(BF13=0,0,BF13>0,(LOG(0.01*BF13/10^-CJ13)))} -> 8.4193767 | AR13: {=_xlfn.IFS(BG13=0,0,BG13>0,(LOG(0.01*BG13/10^-CK13)))} -> 8.5141104 | ... AY13: {=_xlfn.IFS(BN13=0,0,BN13>0,(LOG(0.01*BN13/10^-CR13)))} -> 6.4452439 | AZ13: =IF(BO13="",0,100*BO13/MAX(BO:BO)) -> 0 | BA13: =IF(BP13="",0,100*BP13/MAX($BP:$BT)) -> 9.0097508 | BB13: =IF(BQ13="",0,100*BQ13/MAX($BP:$BT)) -> 3.5438787 | BC13: =IF(BR13="",0,100*BR13/MAX($BP:$BT)) -> 3.6793066 | BD13: =IF(BS13="",0,100*BS13/MAX($BP:$BT)) -> 6.3131094 | BE13: =IF(BT13="",0,100*BT13/MAX($BP:$BT)) -> 16.348862 | BF13: =IF(BU13="",0,100*BU13/MAX($BU:$BX)) -> 13.720712 | BG13: =IF(BV13="",0,100*BV13/MAX($BU:$BX)) -> 10.449859 | BH13: =IF(BW13="",0,100*BW13/MAX($BU:$BX)) -> 24.489222 | BI13: =IF(BX13="",0,100*BX13/MAX($BU:$BX)) -> 72.680412 | BJ13: =IF(BY13="",0,100*BY13/MAX($BY:$BZ)) -> 0 | BK13: =IF(BZ13="",0,100*BZ13/MAX($BY:$BZ)) -> 0 | BL13: =IF(CA13="",0,100*CA13/MAX($CA:$CC)) -> 17.391742 | BM13: =IF(CB13="",0,100*CB13/MAX($CA:$CC)) -> 11.450151 | BN13: =IF(CC13="",0,100*CC13/MAX($CA:$CC)) -> 26.136287 | BP13: 83.16 | BQ13: 32.71 | BR13: 33.96 | BS13: 58.27 | BT13: 150.9 | BU13: 146.4 | BV13: 111.5 | BW13: 261.3 | BX13: 775.5 | CA13: 518.1 | CB13: 341.1 | CC13: 778.6 | CE13: 6.9 | CF13: 6.905 | CG13: 6.799 | CH13: 6.921 | CI13: 7.448 | CJ13: 9.282 | CK13: 9.495 | CL13: 9.228 | CM13: 8.123 | CP13: 6.709 | CQ13: 6.963 | CR13: 7.028 | CS13: =IF(VLOOKUP($A13,'B-Ligands'!$A:$G,3,FALSE)="","",VLOOKUP($A13,'B-Ligands'!$A:$G,3,FALSE)) | CT13: =IF(VLOOKUP($A13,'B-Ligands'!$A:$G,4,FALSE)="","",VLOOKUP($A13,'B-Ligands'!$A:$G,4,FALSE)) -> Serotonin | CU13: 8.673395 | CV13: 32.727048 | CW13: 22.786429 | CX13: 23.615518 | CY13: 11.948034 | CZ13: 69.129318 | DA13: 15.497954 | DB13: 9.9817672 | DC13: 11.901058 | DD13: 8.8399396 | DE13: 29.325535 | DF13: 39.242816 | DG13: 30.695073 | DH13: 13.731355 | DI13: 6.0605655 | DJ13: =IF(BO13="",0,BO13/CU13) -> 0 | DK13: =IF(BP13="",0,BP13/CV13) -> 2.5410175 | DL13: =IF(BQ13="",0,BQ13/CW13) -> 1.4355036 | DM13: =IF(BR13="",0,BR13/CX13) -> 1.4380375 | DN13: =IF(BS13="",0,BS13/CY13) -> 4.8769531 | DO13: =IF(BT13="",0,BT13/CZ13) -> 2.1828655 | DP13: =IF(BU13="",0,BU13/DA13) -> 9.4464081 | DQ13: =IF(BV13="",0,BV13/DB13) -> 11.170367 | ... DX13: =IF(CC13="",0,CC13/DI13) -> 128.46986
A14: DRD5 | B14: 10.7554/eLife.74101 | C14: =IF(VLOOKUP($A14,'B-Ligands'!$A:$G,5,FALSE)="","",VLOOKUP($A14,'B-Ligands'!$A:$G,5,FALSE)) -> Guide To Pharmacology | D14: =IF(VLOOKUP($A14,'B-Ligands'!$A:$G,6,FALSE)="","",VLOOKUP($A14,'B-Ligands'!$A:$G,6,FALSE)) -> 940 | E14: =IF(VLOOKUP($A14,'B-Ligands'!$A:$G,7,FALSE)="","",VLOOKUP($A14,'B-Ligands'!$A:$G,7,FALSE)) -> Phys | F14: =IF(T14>0,1,"") -> 1 | G14: =IF(U14>0,1,"") -> 1 | H14: =IF(V14>0,1,"") -> 1 | I14: =IF(W14>0,1,"") | J14: =COUNTIF(L14:O14,">0") -> 3 | K14: =SUBSTITUTE(INDEX(T$1:W$1,1,MATCH(MAX(T14:W14),T14:W14,0)),"-fam","") -> Gs | L14: =IF(T14=0,0,_xlfn.RANK.EQ(T14,$T14:$W14,0)) -> 1 | M14: =IF(U14=0,0,_xlfn.RANK.EQ(U14,$T14:$W14,0)) -> 3 | N14: =IF(V14=0,0,_xlfn.RANK.EQ(V14,$T14:$W14,0)) -> 2 | O14: =IF(W14=0,0,_xlfn.RANK.EQ(W14,$T14:$W14,0)) -> 0 | P14: =T14/MAX($T14:$W14)*100 -> 100 | Q14: =U14/MAX($T14:$W14)*100 -> 69.540233 | R14: =V14/MAX($T14:$W14)*100 -> 91.376643 | S14: =W14/MAX($T14:$W14)*100 -> 0 | T14: =AK14 -> 8.4421832 | U14: =MAX(AL14:AP14) -> 5.8707138 | V14: =MAX(AQ14:AT14) -> 7.7141836 | W14: =MAX(AU14:AV14) -> 0 | X14: =INDEX(AK$1:AV$1,1,MATCH(MAX(AK14:AV14),AK14:AV14,0)) -> GsL | Y14: =AK14/MAX($AK14:$AV14)*100 -> 100 | Z14: =AL14/MAX($AK14:$AV14)*100 -> 60.39445 | AA14: =AM14/MAX($AK14:$AV14)*100 -> 54.665101 | AB14: =AN14/MAX($AK14:$AV14)*100 -> 0 | AC14: =AO14/MAX($AK14:$AV14)*100 -> 69.540233 | AD14: =AP14/MAX($AK14:$AV14)*100 -> 0 | AE14: =AQ14/MAX($AK14:$AV14)*100 -> 0 | AF14: =AR14/MAX($AK14:$AV14)*100 -> 0 | ... AJ14: =AV14/MAX($AK14:$AV14)*100 -> 0 | AK14: {=_xlfn.IFS(AZ14=0,0,AZ14>0,(LOG(0.01*AZ14/10^-CD14)))} -> 8.4421832 | AL14: {=_xlfn.IFS(BA14=0,0,BA14>0,(LOG(0.01*BA14/10^-CE14)))} -> 5.0986101 | AM14: {=_xlfn.IFS(BB14=0,0,BB14>0,(LOG(0.01*BB14/10^-CF14)))} -> 4.6149279 | AN14: {=_xlfn.IFS(BC14=0,0,BC14>0,(LOG(0.01*BC14/10^-CG14)))} -> 0 | AO14: {=_xlfn.IFS(BD14=0,0,BD14>0,(LOG(0.01*BD14/10^-CH14)))} -> 5.8707138 | AP14: {=_xlfn.IFS(BE14=0,0,BE14>0,(LOG(0.01*BE14/10^-CI14)))} -> 0 | AQ14: {=_xlfn.IFS(BF14=0,0,BF14>0,(LOG(0.01*BF14/10^-CJ14)))} -> 0 | AR14: {=_xlfn.IFS(BG14=0,0,BG14>0,(LOG(0.01*BG14/10^-CK14)))} -> 0 | ... AY14: {=_xlfn.IFS(BN14=0,0,BN14>0,(LOG(0.01*BN14/10^-CR14)))} -> 5.9200227 | AZ14: =IF(BO14="",0,100*BO14/MAX(BO:BO)) -> 76.240049 | BA14: =IF(BP14="",0,100*BP14/MAX($BP:$BT)) -> 2.2264355 | BB14: =IF(BQ14="",0,100*BQ14/MAX($BP:$BT)) -> 2.0985915 | BC14: =IF(BR14="",0,100*BR14/MAX($BP:$BT)) -> 0 | BD14: =IF(BS14="",0,100*BS14/MAX($BP:$BT)) -> 10.561213 | BE14: =IF(BT14="",0,100*BT14/MAX($BP:$BT)) -> 0 | BF14: =IF(BU14="",0,100*BU14/MAX($BU:$BX)) -> 0 | BG14: =IF(BV14="",0,100*BV14/MAX($BU:$BX)) -> 0 | BH14: =IF(BW14="",0,100*BW14/MAX($BU:$BX)) -> 0 | BI14: =IF(BX14="",0,100*BX14/MAX($BU:$BX)) -> 72.474227 | BJ14: =IF(BY14="",0,100*BY14/MAX($BY:$BZ)) -> 0 | BK14: =IF(BZ14="",0,100*BZ14/MAX($BY:$BZ)) -> 0 | BL14: =IF(CA14="",0,100*CA14/MAX($CA:$CC)) -> 4.0147701 | BM14: =IF(CB14="",0,100*CB14/MAX($CA:$CC)) -> 8.9157435 | BN14: =IF(CC14="",0,100*CC14/MAX($CA:$CC)) -> 9.5065458 | BO14: 49.8 | BP14: 20.55 | BQ14: 19.37 | BS14: 97.48 | BX14: 773.3 | CA14: 119.6 | CB14: 265.6 | CC14: 283.2 | CD14: 8.56 | CE14: 6.751 | CF14: 6.293 | CH14: 6.847 | CM14: 7.854 | CP14: 6.753 | CQ14: 6.691 | CR14: 6.942 | CS14: =IF(VLOOKUP($A14,'B-Ligands'!$A:$G,3,FALSE)="","",VLOOKUP($A14,'B-Ligands'!$A:$G,3,FALSE)) | CT14: =IF(VLOOKUP($A14,'B-Ligands'!$A:$G,4,FALSE)="","",VLOOKUP($A14,'B-Ligands'!$A:$G,4,FALSE)) -> Dopamine | CU14: 6.4006713 | CV14: 9.6036036 | CW14: 11.44538 | CX14: 0.86675892 | CY14: 6.6066699 | CZ14: 8.9801512 | DA14: 6.5463229 | DB14: 20.832348 | DC14: 9.9786358 | DD14: 20.96496 | DE14: 32.528925 | DF14: 18.529044 | DG14: 16.969528 | DH14: 22.567238 | DI14: 10.575858 | DJ14: =IF(BO14="",0,BO14/CU14) -> 7.7804339 | DK14: =IF(BP14="",0,BP14/CV14) -> 2.1398218 | DL14: =IF(BQ14="",0,BQ14/CW14) -> 1.6923859 | DM14: =IF(BR14="",0,BR14/CX14) -> 0 | DN14: =IF(BS14="",0,BS14/CY14) -> 14.754786 | DO14: =IF(BT14="",0,BT14/CZ14) -> 0 | DP14: =IF(BU14="",0,BU14/DA14) -> 0 | DQ14: =IF(BV14="",0,BV14/DB14) -> 0 | ... DX14: =IF(CC14="",0,CC14/DI14) -> 26.777969
A15: CLTR1 | B15: 10.7554/eLife.74101 | C15: =IF(VLOOKUP($A15,'B-Ligands'!$A:$G,5,FALSE)="","",VLOOKUP($A15,'B-Ligands'!$A:$G,5,FALSE)) -> Guide To Pharmacology | D15: =IF(VLOOKUP($A15,'B-Ligands'!$A:$G,6,FALSE)="","",VLOOKUP($A15,'B-Ligands'!$A:$G,6,FALSE)) -> 2487 | E15: =IF(VLOOKUP($A15,'B-Ligands'!$A:$G,7,FALSE)="","",VLOOKUP($A15,'B-Ligands'!$A:$G,7,FALSE)) -> Phys | F15: =IF(T15>0,1,"") | G15: =IF(U15>0,1,"") -> 1 | H15: =IF(V15>0,1,"") -> 1 | I15: =IF(W15>0,1,"") | J15: =COUNTIF(L15:O15,">0") -> 2 | K15: =SUBSTITUTE(INDEX(T$1:W$1,1,MATCH(MAX(T15:W15),T15:W15,0)),"-fam","") -> Gi/o | L15: =IF(T15=0,0,_xlfn.RANK.EQ(T15,$T15:$W15,0)) -> 0 | M15: =IF(U15=0,0,_xlfn.RANK.EQ(U15,$T15:$W15,0)) -> 1 | N15: =IF(V15=0,0,_xlfn.RANK.EQ(V15,$T15:$W15,0)) -> 2 | O15: =IF(W15=0,0,_xlfn.RANK.EQ(W15,$T15:$W15,0)) -> 0 | P15: =T15/MAX($T15:$W15)*100 -> 0 | Q15: =U15/MAX($T15:$W15)*100 -> 100 | R15: =V15/MAX($T15:$W15)*100 -> 88.581946 | S15: =W15/MAX($T15:$W15)*100 -> 0 | T15: =AK15 -> 0 | U15: =MAX(AL15:AP15) -> 8.2880556 | V15: =MAX(AQ15:AT15) -> 7.3417209 | W15: =MAX(AU15:AV15) -> 0 | X15: =INDEX(AK$1:AV$1,1,MATCH(MAX(AK15:AV15),AK15:AV15,0)) -> Gz | Y15: =AK15/MAX($AK15:$AV15)*100 -> 0 | Z15: =AL15/MAX($AK15:$AV15)*100 -> 98.444895 | AA15: =AM15/MAX($AK15:$AV15)*100 -> 97.98367 | AB15: =AN15/MAX($AK15:$AV15)*100 -> 92.114757 | AC15: =AO15/MAX($AK15:$AV15)*100 -> 98.048085 | AD15: =AP15/MAX($AK15:$AV15)*100 -> 100 | AE15: =AQ15/MAX($AK15:$AV15)*100 -> 84.890908 | AF15: =AR15/MAX($AK15:$AV15)*100 -> 83.511553 | ... AJ15: =AV15/MAX($AK15:$AV15)*100 -> 0 | AK15: {=_xlfn.IFS(AZ15=0,0,AZ15>0,(LOG(0.01*AZ15/10^-CD15)))} -> 0 | AL15: {=_xlfn.IFS(BA15=0,0,BA15>0,(LOG(0.01*BA15/10^-CE15)))} -> 8.1591676 | AM15: {=_xlfn.IFS(BB15=0,0,BB15>0,(LOG(0.01*BB15/10^-CF15)))} -> 8.120941 | AN15: {=_xlfn.IFS(BC15=0,0,BC15>0,(LOG(0.01*BC15/10^-CG15)))} -> 7.6345223 | AO15: {=_xlfn.IFS(BD15=0,0,BD15>0,(LOG(0.01*BD15/10^-CH15)))} -> 8.1262797 | AP15: {=_xlfn.IFS(BE15=0,0,BE15>0,(LOG(0.01*BE15/10^-CI15)))} -> 8.2880556 | AQ15: {=_xlfn.IFS(BF15=0,0,BF15>0,(LOG(0.01*BF15/10^-CJ15)))} -> 7.0358056 | AR15: {=_xlfn.IFS(BG15=0,0,BG15>0,(LOG(0.01*BG15/10^-CK15)))} -> 6.9214839 | ... AY15: {=_xlfn.IFS(BN15=0,0,BN15>0,(LOG(0.01*BN15/10^-CR15)))} -> 5.7665951 | AZ15: =IF(BO15="",0,100*BO15/MAX(BO:BO)) -> 0 | BA15: =IF(BP15="",0,100*BP15/MAX($BP:$BT)) -> 99.349946 | BB15: =IF(BQ15="",0,100*BQ15/MAX($BP:$BT)) -> 35.070423 | BC15: =IF(BR15="",0,100*BR15/MAX($BP:$BT)) -> 34.160347 | BD15: =IF(BS15="",0,100*BS15/MAX($BP:$BT)) -> 47.345612 | BE15: =IF(BT15="",0,100*BT15/MAX($BP:$BT)) -> 21.137595 | BF15: =IF(BU15="",0,100*BU15/MAX($BU:$BX)) -> 61.490159 | BG15: =IF(BV15="",0,100*BV15/MAX($BU:$BX)) -> 73.533271 | BH15: =IF(BW15="",0,100*BW15/MAX($BU:$BX)) -> 43.355201 | BI15: =IF(BX15="",0,100*BX15/MAX($BU:$BX)) -> 72.230553 | BJ15: =IF(BY15="",0,100*BY15/MAX($BY:$BZ)) -> 0 | BK15: =IF(BZ15="",0,100*BZ15/MAX($BY:$BZ)) -> 0 | BL15: =IF(CA15="",0,100*CA15/MAX($CA:$CC)) -> 13.672373 | BM15: =IF(CB15="",0,100*CB15/MAX($CA:$CC)) -> 8.4625713 | BN15: =IF(CC15="",0,100*CC15/MAX($CA:$CC)) -> 15.052031 | BP15: 917 | BQ15: 323.7 | BR15: 315.3 | BS15: 437 | BT15: 195.1 | BU15: 656.1 | BV15: 784.6 | BW15: 462.6 | BX15: 770.7 | CA15: 407.3 | CB15: 252.1 | CC15: 448.4 | CE15: 8.162 | CF15: 8.576 | CG15: 8.101 | CH15: 8.451 | CI15: 8.963 | CJ15: 7.247 | CK15: 7.055 | CL15: 7.01 | CM15: 7.483 | CP15: 6.435 | CQ15: 6.716 | CR15: 6.589 | CS15: =IF(VLOOKUP($A15,'B-Ligands'!$A:$G,3,FALSE)="","",VLOOKUP($A15,'B-Ligands'!$A:$G,3,FALSE)) -> LTD4 | CT15: =IF(VLOOKUP($A15,'B-Ligands'!$A:$G,4,FALSE)="","",VLOOKUP($A15,'B-Ligands'!$A:$G,4,FALSE)) -> Leukotriene D4 | CU15: 14.470054 | CV15: 20.517057 | CW15: 11.598419 | CX15: 7.7505097 | CY15: 11.027949 | CZ15: 12.147551 | DA15: 7.5088375 | DB15: 12.670739 | DC15: 16.045595 | DD15: 8.0742232 | DE15: 22.916028 | DF15: 14.456618 | DG15: 15.847455 | DH15: 12.572113 | DI15: 18.030633 | DJ15: =IF(BO15="",0,BO15/CU15) -> 0 | DK15: =IF(BP15="",0,BP15/CV15) -> 44.694518 | DL15: =IF(BQ15="",0,BQ15/CW15) -> 27.908977 | DM15: =IF(BR15="",0,BR15/CX15) -> 40.681195 | DN15: =IF(BS15="",0,BS15/CY15) -> 39.626588 | DO15: =IF(BT15="",0,BT15/CZ15) -> 16.060851 | DP15: =IF(BU15="",0,BU15/DA15) -> 87.377041 | DQ15: =IF(BV15="",0,BV15/DB15) -> 61.922196 | ... DX15: =IF(CC15="",0,CC15/DI15) -> 24.868789
A16: V2R | B16: 10.7554/eLife.74101 | C16: =IF(VLOOKUP($A16,'B-Ligands'!$A:$G,5,FALSE)="","",VLOOKUP($A16,'B-Ligands'!$A:$G,5,FALSE)) -> Guide To Pharmacology | D16: =IF(VLOOKUP($A16,'B-Ligands'!$A:$G,6,FALSE)="","",VLOOKUP($A16,'B-Ligands'!$A:$G,6,FALSE)) -> 2168 | E16: =IF(VLOOKUP($A16,'B-Ligands'!$A:$G,7,FALSE)="","",VLOOKUP($A16,'B-Ligands'!$A:$G,7,FALSE)) -> Phys | F16: =IF(T16>0,1,"") -> 1 | G16: =IF(U16>0,1,"") -> 1 | H16: =IF(V16>0,1,"") -> 1 | I16: =IF(W16>0,1,"") -> 1 | J16: =COUNTIF(L16:O16,">0") -> 4 | K16: =SUBSTITUTE(INDEX(T$1:W$1,1,MATCH(MAX(T16:W16),T16:W16,0)),"-fam","") -> Gs | L16: =IF(T16=0,0,_xlfn.RANK.EQ(T16,$T16:$W16,0)) -> 1 | M16: =IF(U16=0,0,_xlfn.RANK.EQ(U16,$T16:$W16,0)) -> 4 | N16: =IF(V16=0,0,_xlfn.RANK.EQ(V16,$T16:$W16,0)) -> 2 | O16: =IF(W16=0,0,_xlfn.RANK.EQ(W16,$T16:$W16,0)) -> 3 | P16: =T16/MAX($T16:$W16)*100 -> 100 | Q16: =U16/MAX($T16:$W16)*100 -> 60.37234 | R16: =V16/MAX($T16:$W16)*100 -> 88.353208 | S16: =W16/MAX($T16:$W16)*100 -> 77.237644 | T16: =AK16 -> 10.056195 | U16: =MAX(AL16:AP16) -> 6.07116 | V16: =MAX(AQ16:AT16) -> 8.8849705 | W16: =MAX(AU16:AV16) -> 7.7671678 | X16: =INDEX(AK$1:AV$1,1,MATCH(MAX(AK16:AV16),AK16:AV16,0)) -> GsL | Y16: =AK16/MAX($AK16:$AV16)*100 -> 100 | Z16: =AL16/MAX($AK16:$AV16)*100 -> 60.37234 | AA16: =AM16/MAX($AK16:$AV16)*100 -> 50.95196 | AB16: =AN16/MAX($AK16:$AV16)*100 -> 55.158025 | AC16: =AO16/MAX($AK16:$AV16)*100 -> 0 | AD16: =AP16/MAX($AK16:$AV16)*100 -> 0 | AE16: =AQ16/MAX($AK16:$AV16)*100 -> 68.905409 | AF16: =AR16/MAX($AK16:$AV16)*100 -> 70.276582 | ... AJ16: =AV16/MAX($AK16:$AV16)*100 -> 77.237644 | AK16: {=_xlfn.IFS(AZ16=0,0,AZ16>0,(LOG(0.01*AZ16/10^-CD16)))} -> 10.056195 | AL16: {=_xlfn.IFS(BA16=0,0,BA16>0,(LOG(0.01*BA16/10^-CE16)))} -> 6.07116 | AM16: {=_xlfn.IFS(BB16=0,0,BB16>0,(LOG(0.01*BB16/10^-CF16)))} -> 5.1238283 | AN16: {=_xlfn.IFS(BC16=0,0,BC16>0,(LOG(0.01*BC16/10^-CG16)))} -> 5.5467983 | AO16: {=_xlfn.IFS(BD16=0,0,BD16>0,(LOG(0.01*BD16/10^-CH16)))} -> 0 | AP16: {=_xlfn.IFS(BE16=0,0,BE16>0,(LOG(0.01*BE16/10^-CI16)))} -> 0 | AQ16: {=_xlfn.IFS(BF16=0,0,BF16>0,(LOG(0.01*BF16/10^-CJ16)))} -> 6.929262 | AR16: {=_xlfn.IFS(BG16=0,0,BG16>0,(LOG(0.01*BG16/10^-CK16)))} -> 7.0671499 | ... AY16: {=_xlfn.IFS(BN16=0,0,BN16>0,(LOG(0.01*BN16/10^-CR16)))} -> 6.8959359 | AZ16: =IF(BO16="",0,100*BO16/MAX(BO:BO)) -> 65.492958 | BA16: =IF(BP16="",0,100*BP16/MAX($BP:$BT)) -> 3.3586132 | BB16: =IF(BQ16="",0,100*BQ16/MAX($BP:$BT)) -> 2.1668472 | BC16: =IF(BR16="",0,100*BR16/MAX($BP:$BT)) -> 1.0834236 | BD16: =IF(BS16="",0,100*BS16/MAX($BP:$BT)) -> 0 | BE16: =IF(BT16="",0,100*BT16/MAX($BP:$BT)) -> 0 | BF16: =IF(BU16="",0,100*BU16/MAX($BU:$BX)) -> 11.462043 | BG16: =IF(BV16="",0,100*BV16/MAX($BU:$BX)) -> 19.550141 | BH16: =IF(BW16="",0,100*BW16/MAX($BU:$BX)) -> 6.8922212 | BI16: =IF(BX16="",0,100*BX16/MAX($BU:$BX)) -> 71.940019 | BJ16: =IF(BY16="",0,100*BY16/MAX($BY:$BZ)) -> 0 | BK16: =IF(BZ16="",0,100*BZ16/MAX($BY:$BZ)) -> 22.812234 | BL16: =IF(CA16="",0,100*CA16/MAX($CA:$CC)) -> 11.859684 | BM16: =IF(CB16="",0,100*CB16/MAX($CA:$CC)) -> 23.672373 | BN16: =IF(CC16="",0,100*CC16/MAX($CA:$CC)) -> 11.21853 | BO16: 42.78 | BP16: 31 | BQ16: 20 | BR16: 10 | BU16: 122.3 | BV16: 208.6 | BW16: 73.54 | BX16: 767.6 | BZ16: 161.1 | CA16: 353.3 | CB16: 705.2 | CC16: 334.2 | CD16: 10.24 | CE16: 7.545 | CF16: 6.788 | CG16: 7.512 | CJ16: 7.87 | CK16: 7.776 | CL16: 7.694 | CM16: 9.028 | CO16: 8.409 | CP16: 7.603 | CQ16: 7.565 | CR16: 7.846 | CS16: =IF(VLOOKUP($A16,'B-Ligands'!$A:$G,3,FALSE)="","",VLOOKUP($A16,'B-Ligands'!$A:$G,3,FALSE)) -> AVP | CT16: =IF(VLOOKUP($A16,'B-Ligands'!$A:$G,4,FALSE)="","",VLOOKUP($A16,'B-Ligands'!$A:$G,4,FALSE)) -> Vasopressin | CU16: 5.580383 | CV16: 17.365131 | CW16: 11.006601 | CX16: 7.7511188 | CY16: 12.446111 | CZ16: 7.8153128 | DA16: 2.5683718 | DB16: 3.74705 | DC16: 7.5589646 | DD16: 9.6180771 | DE16: 8.6561149 | DF16: 8.3242851 | DG16: 5.6047207 | DH16: 16.587633 | DI16: 4.101087 | DJ16: =IF(BO16="",0,BO16/CU16) -> 7.6661405 | DK16: =IF(BP16="",0,BP16/CV16) -> 1.7851866 | DL16: =IF(BQ16="",0,BQ16/CW16) -> 1.8170914 | DM16: =IF(BR16="",0,BR16/CX16) -> 1.2901363 | DN16: =IF(BS16="",0,BS16/CY16) -> 0 | DO16: =IF(BT16="",0,BT16/CZ16) -> 0 | DP16: =IF(BU16="",0,BU16/DA16) -> 47.617716 | DQ16: =IF(BV16="",0,BV16/DB16) -> 55.67046 | ... DX16: =IF(CC16="",0,CC16/DI16) -> 81.490589
A17: ADRB2 | B17: 10.7554/eLife.74101 | C17: =IF(VLOOKUP($A17,'B-Ligands'!$A:$G,5,FALSE)="","",VLOOKUP($A17,'B-Ligands'!$A:$G,5,FALSE)) -> Guide To Pharmacology | D17: =IF(VLOOKUP($A17,'B-Ligands'!$A:$G,6,FALSE)="","",VLOOKUP($A17,'B-Ligands'!$A:$G,6,FALSE)) -> 484 | E17: =IF(VLOOKUP($A17,'B-Ligands'!$A:$G,7,FALSE)="","",VLOOKUP($A17,'B-Ligands'!$A:$G,7,FALSE)) -> Phys | F17: =IF(T17>0,1,"") -> 1 | G17: =IF(U17>0,1,"") | H17: =IF(V17>0,1,"") -> 1 | I17: =IF(W17>0,1,"") | J17: =COUNTIF(L17:O17,">0") -> 2 | K17: =SUBSTITUTE(INDEX(T$1:W$1,1,MATCH(MAX(T17:W17),T17:W17,0)),"-fam","") -> Gs | L17: =IF(T17=0,0,_xlfn.RANK.EQ(T17,$T17:$W17,0)) -> 1 | M17: =IF(U17=0,0,_xlfn.RANK.EQ(U17,$T17:$W17,0)) -> 0 | N17: =IF(V17=0,0,_xlfn.RANK.EQ(V17,$T17:$W17,0)) -> 2 | O17: =IF(W17=0,0,_xlfn.RANK.EQ(W17,$T17:$W17,0)) -> 0 | P17: =T17/MAX($T17:$W17)*100 -> 100 | Q17: =U17/MAX($T17:$W17)*100 -> 0 | R17: =V17/MAX($T17:$W17)*100 -> 76.965452 | S17: =W17/MAX($T17:$W17)*100 -> 0 | T17: =AK17 -> 8.1955527 | U17: =MAX(AL17:AP17) -> 0 | V17: =MAX(AQ17:AT17) -> 6.3077442 | W17: =MAX(AU17:AV17) -> 0 | X17: =INDEX(AK$1:AV$1,1,MATCH(MAX(AK17:AV17),AK17:AV17,0)) -> GsL | Y17: =AK17/MAX($AK17:$AV17)*100 -> 100 | Z17: =AL17/MAX($AK17:$AV17)*100 -> 0 | AA17: =AM17/MAX($AK17:$AV17)*100 -> 0 | AB17: =AN17/MAX($AK17:$AV17)*100 -> 0 | AC17: =AO17/MAX($AK17:$AV17)*100 -> 0 | AD17: =AP17/MAX($AK17:$AV17)*100 -> 0 | AE17: =AQ17/MAX($AK17:$AV17)*100 -> 0 | AF17: =AR17/MAX($AK17:$AV17)*100 -> 0 | ... AJ17: =AV17/MAX($AK17:$AV17)*100 -> 0 | AK17: {=_xlfn.IFS(AZ17=0,0,AZ17>0,(LOG(0.01*AZ17/10^-CD17)))} -> 8.1955527 | AL17: {=_xlfn.IFS(BA17=0,0,BA17>0,(LOG(0.01*BA17/10^-CE17)))} -> 0 | AM17: {=_xlfn.IFS(BB17=0,0,BB17>0,(LOG(0.01*BB17/10^-CF17)))} -> 0 | AN17: {=_xlfn.IFS(BC17=0,0,BC17>0,(LOG(0.01*BC17/10^-CG17)))} -> 0 | AO17: {=_xlfn.IFS(BD17=0,0,BD17>0,(LOG(0.01*BD17/10^-CH17)))} -> 0 | AP17: {=_xlfn.IFS(BE17=0,0,BE17>0,(LOG(0.01*BE17/10^-CI17)))} -> 0 | AQ17: {=_xlfn.IFS(BF17=0,0,BF17>0,(LOG(0.01*BF17/10^-CJ17)))} -> 0 | AR17: {=_xlfn.IFS(BG17=0,0,BG17>0,(LOG(0.01*BG17/10^-CK17)))} -> 0 | ... AY17: {=_xlfn.IFS(BN17=0,0,BN17>0,(LOG(0.01*BN17/10^-CR17)))} -> 4.7579502 | AZ17: =IF(BO17="",0,100*BO17/MAX(BO:BO)) -> 83.282303 | BA17: =IF(BP17="",0,100*BP17/MAX($BP:$BT)) -> 0 | BB17: =IF(BQ17="",0,100*BQ17/MAX($BP:$BT)) -> 0 | BC17: =IF(BR17="",0,100*BR17/MAX($BP:$BT)) -> 0 | BD17: =IF(BS17="",0,100*BS17/MAX($BP:$BT)) -> 0 | BE17: =IF(BT17="",0,100*BT17/MAX($BP:$BT)) -> 0 | BF17: =IF(BU17="",0,100*BU17/MAX($BU:$BX)) -> 0 | BG17: =IF(BV17="",0,100*BV17/MAX($BU:$BX)) -> 0 | BH17: =IF(BW17="",0,100*BW17/MAX($BU:$BX)) -> 0 | BI17: =IF(BX17="",0,100*BX17/MAX($BU:$BX)) -> 71.90253 | BJ17: =IF(BY17="",0,100*BY17/MAX($BY:$BZ)) -> 0 | BK17: =IF(BZ17="",0,100*BZ17/MAX($BY:$BZ)) -> 0 | BL17: =IF(CA17="",0,100*CA17/MAX($CA:$CC)) -> 13.427325 | BM17: =IF(CB17="",0,100*CB17/MAX($CA:$CC)) -> 12.631756 | BN17: =IF(CC17="",0,100*CC17/MAX($CA:$CC)) -> 28.180598 | BO17: 54.4 | BX17: 767.2 | CA17: 400 | CB17: 376.3 | CC17: 839.5 | CD17: 8.275 | CM17: 6.451 | CP17: 4.42 | CQ17: 4.886 | CR17: 5.308 | CS17: =IF(VLOOKUP($A17,'B-Ligands'!$A:$G,3,FALSE)="","",VLOOKUP($A17,'B-Ligands'!$A:$G,3,FALSE)) | CT17: =IF(VLOOKUP($A17,'B-Ligands'!$A:$G,4,FALSE)="","",VLOOKUP($A17,'B-Ligands'!$A:$G,4,FALSE)) -> Noradrenaline | CU17: 16.730871 | CV17: 26.573326 | CW17: 11.03407 | CX17: 21.250713 | CY17: 22.946563 | CZ17: 24.275382 | DA17: 15.425519 | DB17: 27.788086 | DC17: 11.184139 | DD17: 13.751208 | DE17: 11.563218 | DF17: 8.3499314 | DG17: 16.409586 | DH17: 14.03781 | DI17: 17.922741 | DJ17: =IF(BO17="",0,BO17/CU17) -> 3.2514744 | DK17: =IF(BP17="",0,BP17/CV17) -> 0 | DL17: =IF(BQ17="",0,BQ17/CW17) -> 0 | DM17: =IF(BR17="",0,BR17/CX17) -> 0 | DN17: =IF(BS17="",0,BS17/CY17) -> 0 | DO17: =IF(BT17="",0,BT17/CZ17) -> 0 | DP17: =IF(BU17="",0,BU17/DA17) -> 0 | DQ17: =IF(BV17="",0,BV17/DB17) -> 0 | ... DX17: =IF(CC17="",0,CC17/DI17) -> 46.839934
A18: OPRX | B18: 10.7554/eLife.74101 | C18: =IF(VLOOKUP($A18,'B-Ligands'!$A:$G,5,FALSE)="","",VLOOKUP($A18,'B-Ligands'!$A:$G,5,FALSE)) -> Guide To Pharmacology | D18: =IF(VLOOKUP($A18,'B-Ligands'!$A:$G,6,FALSE)="","",VLOOKUP($A18,'B-Ligands'!$A:$G,6,FALSE)) -> 1681 | E18: =IF(VLOOKUP($A18,'B-Ligands'!$A:$G,7,FALSE)="","",VLOOKUP($A18,'B-Ligands'!$A:$G,7,FALSE)) -> Phys | F18: =IF(T18>0,1,"") | G18: =IF(U18>0,1,"") -> 1 | H18: =IF(V18>0,1,"") -> 1 | I18: =IF(W18>0,1,"") | J18: =COUNTIF(L18:O18,">0") -> 2 | K18: =SUBSTITUTE(INDEX(T$1:W$1,1,MATCH(MAX(T18:W18),T18:W18,0)),"-fam","") -> Gi/o | L18: =IF(T18=0,0,_xlfn.RANK.EQ(T18,$T18:$W18,0)) -> 0 | M18: =IF(U18=0,0,_xlfn.RANK.EQ(U18,$T18:$W18,0)) -> 1 | N18: =IF(V18=0,0,_xlfn.RANK.EQ(V18,$T18:$W18,0)) -> 2 | O18: =IF(W18=0,0,_xlfn.RANK.EQ(W18,$T18:$W18,0)) -> 0 | P18: =T18/MAX($T18:$W18)*100 -> 0 | Q18: =U18/MAX($T18:$W18)*100 -> 100 | R18: =V18/MAX($T18:$W18)*100 -> 84.223129 | S18: =W18/MAX($T18:$W18)*100 -> 0 | T18: =AK18 -> 0 | U18: =MAX(AL18:AP18) -> 10.78501 | V18: =MAX(AQ18:AT18) -> 9.0834725 | W18: =MAX(AU18:AV18) -> 0 | X18: =INDEX(AK$1:AV$1,1,MATCH(MAX(AK18:AV18),AK18:AV18,0)) -> Gz | Y18: =AK18/MAX($AK18:$AV18)*100 -> 0 | Z18: =AL18/MAX($AK18:$AV18)*100 -> 93.469614 | AA18: =AM18/MAX($AK18:$AV18)*100 -> 88.942403 | AB18: =AN18/MAX($AK18:$AV18)*100 -> 90.623834 | AC18: =AO18/MAX($AK18:$AV18)*100 -> 95.936123 | AD18: =AP18/MAX($AK18:$AV18)*100 -> 100 | AE18: =AQ18/MAX($AK18:$AV18)*100 -> 0 | AF18: =AR18/MAX($AK18:$AV18)*100 -> 0 | ... AJ18: =AV18/MAX($AK18:$AV18)*100 -> 0 | AK18: {=_xlfn.IFS(AZ18=0,0,AZ18>0,(LOG(0.01*AZ18/10^-CD18)))} -> 0 | AL18: {=_xlfn.IFS(BA18=0,0,BA18>0,(LOG(0.01*BA18/10^-CE18)))} -> 10.080707 | AM18: {=_xlfn.IFS(BB18=0,0,BB18>0,(LOG(0.01*BB18/10^-CF18)))} -> 9.5924467 | AN18: {=_xlfn.IFS(BC18=0,0,BC18>0,(LOG(0.01*BC18/10^-CG18)))} -> 9.7737892 | AO18: {=_xlfn.IFS(BD18=0,0,BD18>0,(LOG(0.01*BD18/10^-CH18)))} -> 10.34672 | AP18: {=_xlfn.IFS(BE18=0,0,BE18>0,(LOG(0.01*BE18/10^-CI18)))} -> 10.78501 | AQ18: {=_xlfn.IFS(BF18=0,0,BF18>0,(LOG(0.01*BF18/10^-CJ18)))} -> 0 | AR18: {=_xlfn.IFS(BG18=0,0,BG18>0,(LOG(0.01*BG18/10^-CK18)))} -> 0 | ... AY18: {=_xlfn.IFS(BN18=0,0,BN18>0,(LOG(0.01*BN18/10^-CR18)))} -> 7.6186889 | AZ18: =IF(BO18="",0,100*BO18/MAX(BO:BO)) -> 0 | BA18: =IF(BP18="",0,100*BP18/MAX($BP:$BT)) -> 69.295775 | BB18: =IF(BQ18="",0,100*BQ18/MAX($BP:$BT)) -> 29.00325 | BC18: =IF(BR18="",0,100*BR18/MAX($BP:$BT)) -> 23.109426 | BD18: =IF(BS18="",0,100*BS18/MAX($BP:$BT)) -> 33.629469 | BE18: =IF(BT18="",0,100*BT18/MAX($BP:$BT)) -> 26.002167 | BF18: =IF(BU18="",0,100*BU18/MAX($BU:$BX)) -> 0 | BG18: =IF(BV18="",0,100*BV18/MAX($BU:$BX)) -> 0 | BH18: =IF(BW18="",0,100*BW18/MAX($BU:$BX)) -> 15.154639 | BI18: =IF(BX18="",0,100*BX18/MAX($BU:$BX)) -> 68.781631 | BJ18: =IF(BY18="",0,100*BY18/MAX($BY:$BZ)) -> 0 | BK18: =IF(BZ18="",0,100*BZ18/MAX($BY:$BZ)) -> 0 | BL18: =IF(CA18="",0,100*CA18/MAX($CA:$CC)) -> 4.9513259 | BM18: =IF(CB18="",0,100*CB18/MAX($CA:$CC)) -> 2.3444109 | BN18: =IF(CC18="",0,100*CC18/MAX($CA:$CC)) -> 7.992615 | BP18: 639.6 | BQ18: 267.7 | BR18: 213.3 | BS18: 310.4 | BT18: 240 | BW18: 161.7 | BX18: 733.9 | CA18: 147.5 | CB18: 69.84 | CC18: 238.1 | CE18: 10.24 | CF18: 10.13 | CG18: 10.41 | CH18: 10.82 | CI18: 11.37 | CL18: 8.226 | CM18: 9.246 | CP18: 8.249 | CQ18: 8.587 | CR18: 8.716 | CS18: =IF(VLOOKUP($A18,'B-Ligands'!$A:$G,3,FALSE)="","",VLOOKUP($A18,'B-Ligands'!$A:$G,3,FALSE)) | CT18: =IF(VLOOKUP($A18,'B-Ligands'!$A:$G,4,FALSE)="","",VLOOKUP($A18,'B-Ligands'!$A:$G,4,FALSE)) -> Nociceptin | CU18: 11.997534 | CV18: 13.52657 | CW18: 12.776954 | CX18: 19.334951 | CY18: 8.2913115 | CZ18: 3.1895782 | DA18: 13.568093 | DB18: 10.286942 | DC18: 11.734803 | DD18: 9.5016949 | DE18: 23.994214 | DF18: 13.698528 | DG18: 12.342093 | DH18: 10.814822 | DI18: 12.987669 | DJ18: =IF(BO18="",0,BO18/CU18) -> 0 | DK18: =IF(BP18="",0,BP18/CV18) -> 47.284714 | DL18: =IF(BQ18="",0,BQ18/CW18) -> 20.951786 | DM18: =IF(BR18="",0,BR18/CX18) -> 11.031836 | DN18: =IF(BS18="",0,BS18/CY18) -> 37.436779 | DO18: =IF(BT18="",0,BT18/CZ18) -> 75.245059 | DP18: =IF(BU18="",0,BU18/DA18) -> 0 | DQ18: =IF(BV18="",0,BV18/DB18) -> 0 | ... DX18: =IF(CC18="",0,CC18/DI18) -> 18.332774
A19: LT4R1 | B19: 10.7554/eLife.74101 | C19: =IF(VLOOKUP($A19,'B-Ligands'!$A:$G,5,FALSE)="","",VLOOKUP($A19,'B-Ligands'!$A:$G,5,FALSE)) -> Guide To Pharmacology | D19: =IF(VLOOKUP($A19,'B-Ligands'!$A:$G,6,FALSE)="","",VLOOKUP($A19,'B-Ligands'!$A:$G,6,FALSE)) -> 2487 | E19: =IF(VLOOKUP($A19,'B-Ligands'!$A:$G,7,FALSE)="","",VLOOKUP($A19,'B-Ligands'!$A:$G,7,FALSE)) -> Phys | F19: =IF(T19>0,1,"") | G19: =IF(U19>0,1,"") -> 1 | H19: =IF(V19>0,1,"") -> 1 | I19: =IF(W19>0,1,"") -> 1 | J19: =COUNTIF(L19:O19,">0") -> 3 | K19: =SUBSTITUTE(INDEX(T$1:W$1,1,MATCH(MAX(T19:W19),T19:W19,0)),"-fam","") -> Gi/o | L19: =IF(T19=0,0,_xlfn.RANK.EQ(T19,$T19:$W19,0)) -> 0 | M19: =IF(U19=0,0,_xlfn.RANK.EQ(U19,$T19:$W19,0)) -> 1 | N19: =IF(V19=0,0,_xlfn.RANK.EQ(V19,$T19:$W19,0)) -> 2 | O19: =IF(W19=0,0,_xlfn.RANK.EQ(W19,$T19:$W19,0)) -> 3 | P19: =T19/MAX($T19:$W19)*100 -> 0 | Q19: =U19/MAX($T19:$W19)*100 -> 100 | R19: =V19/MAX($T19:$W19)*100 -> 96.548536 | S19: =W19/MAX($T19:$W19)*100 -> 85.012163 | T19: =AK19 -> 0 | U19: =MAX(AL19:AP19) -> 10.069464 | V19: =MAX(AQ19:AT19) -> 9.7219204 | W19: =MAX(AU19:AV19) -> 8.5602695 | X19: =INDEX(AK$1:AV$1,1,MATCH(MAX(AK19:AV19),AK19:AV19,0)) -> GoB | Y19: =AK19/MAX($AK19:$AV19)*100 -> 0 | Z19: =AL19/MAX($AK19:$AV19)*100 -> 99.002765 | AA19: =AM19/MAX($AK19:$AV19)*100 -> 99.229742 | AB19: =AN19/MAX($AK19:$AV19)*100 -> 94.681346 | AC19: =AO19/MAX($AK19:$AV19)*100 -> 100 | AD19: =AP19/MAX($AK19:$AV19)*100 -> 91.129619 | AE19: =AQ19/MAX($AK19:$AV19)*100 -> 58.961346 | AF19: =AR19/MAX($AK19:$AV19)*100 -> 53.256594 | ... AJ19: =AV19/MAX($AK19:$AV19)*100 -> 85.012163 | AK19: {=_xlfn.IFS(AZ19=0,0,AZ19>0,(LOG(0.01*AZ19/10^-CD19)))} -> 0 | AL19: {=_xlfn.IFS(BA19=0,0,BA19>0,(LOG(0.01*BA19/10^-CE19)))} -> 9.9690481 | AM19: {=_xlfn.IFS(BB19=0,0,BB19>0,(LOG(0.01*BB19/10^-CF19)))} -> 9.9919035 | AN19: {=_xlfn.IFS(BC19=0,0,BC19>0,(LOG(0.01*BC19/10^-CG19)))} -> 9.5339044 | AO19: {=_xlfn.IFS(BD19=0,0,BD19>0,(LOG(0.01*BD19/10^-CH19)))} -> 10.069464 | AP19: {=_xlfn.IFS(BE19=0,0,BE19>0,(LOG(0.01*BE19/10^-CI19)))} -> 9.1762645 | AQ19: {=_xlfn.IFS(BF19=0,0,BF19>0,(LOG(0.01*BF19/10^-CJ19)))} -> 5.9370917 | AR19: {=_xlfn.IFS(BG19=0,0,BG19>0,(LOG(0.01*BG19/10^-CK19)))} -> 5.3626538 | ... AY19: {=_xlfn.IFS(BN19=0,0,BN19>0,(LOG(0.01*BN19/10^-CR19)))} -> 7.592427 | AZ19: =IF(BO19="",0,100*BO19/MAX(BO:BO)) -> 0 | BA19: =IF(BP19="",0,100*BP19/MAX($BP:$BT)) -> 81.105092 | BB19: =IF(BQ19="",0,100*BQ19/MAX($BP:$BT)) -> 44.864572 | BC19: =IF(BR19="",0,100*BR19/MAX($BP:$BT)) -> 22.589382 | BD19: =IF(BS19="",0,100*BS19/MAX($BP:$BT)) -> 39.761647 | BE19: =IF(BT19="",0,100*BT19/MAX($BP:$BT)) -> 21.343445 | BF19: =IF(BU19="",0,100*BU19/MAX($BU:$BX)) -> 7.0646673 | BG19: =IF(BV19="",0,100*BV19/MAX($BU:$BX)) -> 6.3336457 | BH19: =IF(BW19="",0,100*BW19/MAX($BU:$BX)) -> 37.460169 | BI19: =IF(BX19="",0,100*BX19/MAX($BU:$BX)) -> 68.378632 | BJ19: =IF(BY19="",0,100*BY19/MAX($BY:$BZ)) -> 10.815633 | BK19: =IF(BZ19="",0,100*BZ19/MAX($BY:$BZ)) -> 34.14047 | BL19: =IF(CA19="",0,100*CA19/MAX($CA:$CC)) -> 46.32427 | BM19: =IF(CB19="",0,100*CB19/MAX($CA:$CC)) -> 39.778449 | BN19: =IF(CC19="",0,100*CC19/MAX($CA:$CC)) -> 49.479691 | BP19: 748.6 | BQ19: 414.1 | BR19: 208.5 | BS19: 367 | BT19: 197 | BU19: 75.38 | BV19: 67.58 | BW19: 399.7 | BX19: 729.6 | BY19: 76.38 | BZ19: 241.1 | CA19: 1380 | CB19: 1185 | CC19: 1474 | CE19: 10.06 | CF19: 10.34 | CG19: 10.18 | CH19: 10.47 | CI19: 9.847 | CJ19: 7.088 | CK19: 6.561 | CL19: 6.97 | CM19: 9.887 | CN19: 9.519 | CO19: 9.027 | CP19: 6.988 | CQ19: 7.728 | CR19: 7.898 | CS19: =IF(VLOOKUP($A19,'B-Ligands'!$A:$G,3,FALSE)="","",VLOOKUP($A19,'B-Ligands'!$A:$G,3,FALSE)) -> LTB4 | CT19: =IF(VLOOKUP($A19,'B-Ligands'!$A:$G,4,FALSE)="","",VLOOKUP($A19,'B-Ligands'!$A:$G,4,FALSE)) -> Leukotriene B4 | CU19: 18.511753 | CV19: 32.244452 | CW19: 19.086757 | CX19: 26.71675 | CY19: 26.957146 | CZ19: 8.8288745 | DA19: 15.6318 | DB19: 28.828467 | DC19: 26.122147 | DD19: 12.771869 | DE19: 22.116835 | DF19: 9.8210716 | DG19: 19.336898 | DH19: 15.843831 | DI19: 24.319908 | DJ19: =IF(BO19="",0,BO19/CU19) -> 0 | DK19: =IF(BP19="",0,BP19/CV19) -> 23.216397 | DL19: =IF(BQ19="",0,BQ19/CW19) -> 21.695671 | DM19: =IF(BR19="",0,BR19/CX19) -> 7.8040929 | DN19: =IF(BS19="",0,BS19/CY19) -> 13.614201 | DO19: =IF(BT19="",0,BT19/CZ19) -> 22.31315 | DP19: =IF(BU19="",0,BU19/DA19) -> 4.8222214 | DQ19: =IF(BV19="",0,BV19/DB19) -> 2.3442106 | ... DX19: =IF(CC19="",0,CC19/DI19) -> 60.608781
A20: CRHR2 | B20: 10.7554/eLife.74101 | C20: =IF(VLOOKUP($A20,'B-Ligands'!$A:$G,5,FALSE)="","",VLOOKUP($A20,'B-Ligands'!$A:$G,5,FALSE)) -> Guide To Pharmacology | D20: =IF(VLOOKUP($A20,'B-Ligands'!$A:$G,6,FALSE)="","",VLOOKUP($A20,'B-Ligands'!$A:$G,6,FALSE)) -> 921 | E20: =IF(VLOOKUP($A20,'B-Ligands'!$A:$G,7,FALSE)="","",VLOOKUP($A20,'B-Ligands'!$A:$G,7,FALSE)) -> Phys | F20: =IF(T20>0,1,"") -> 1 | G20: =IF(U20>0,1,"") -> 1 | H20: =IF(V20>0,1,"") -> 1 | I20: =IF(W20>0,1,"") | J20: =COUNTIF(L20:O20,">0") -> 3 | K20: =SUBSTITUTE(INDEX(T$1:W$1,1,MATCH(MAX(T20:W20),T20:W20,0)),"-fam","") -> Gs | L20: =IF(T20=0,0,_xlfn.RANK.EQ(T20,$T20:$W20,0)) -> 1 | M20: =IF(U20=0,0,_xlfn.RANK.EQ(U20,$T20:$W20,0)) -> 3 | N20: =IF(V20=0,0,_xlfn.RANK.EQ(V20,$T20:$W20,0)) -> 2 | O20: =IF(W20=0,0,_xlfn.RANK.EQ(W20,$T20:$W20,0)) -> 0 | P20: =T20/MAX($T20:$W20)*100 -> 100 | Q20: =U20/MAX($T20:$W20)*100 -> 76.520141 | R20: =V20/MAX($T20:$W20)*100 -> 83.572098 | S20: =W20/MAX($T20:$W20)*100 -> 0 | T20: =AK20 -> 10.29326 | U20: =MAX(AL20:AP20) -> 7.876417 | V20: =MAX(AQ20:AT20) -> 8.6022934 | W20: =MAX(AU20:AV20) -> 0 | X20: =INDEX(AK$1:AV$1,1,MATCH(MAX(AK20:AV20),AK20:AV20,0)) -> GsL | Y20: =AK20/MAX($AK20:$AV20)*100 -> 100 | Z20: =AL20/MAX($AK20:$AV20)*100 -> 76.520141 | AA20: =AM20/MAX($AK20:$AV20)*100 -> 74.115259 | AB20: =AN20/MAX($AK20:$AV20)*100 -> 73.474508 | AC20: =AO20/MAX($AK20:$AV20)*100 -> 75.982663 | AD20: =AP20/MAX($AK20:$AV20)*100 -> 68.940529 | AE20: =AQ20/MAX($AK20:$AV20)*100 -> 0 | AF20: =AR20/MAX($AK20:$AV20)*100 -> 0 | ... AJ20: =AV20/MAX($AK20:$AV20)*100 -> 0 | AK20: {=_xlfn.IFS(AZ20=0,0,AZ20>0,(LOG(0.01*AZ20/10^-CD20)))} -> 10.29326 | AL20: {=_xlfn.IFS(BA20=0,0,BA20>0,(LOG(0.01*BA20/10^-CE20)))} -> 7.876417 | AM20: {=_xlfn.IFS(BB20=0,0,BB20>0,(LOG(0.01*BB20/10^-CF20)))} -> 7.6288763 | AN20: {=_xlfn.IFS(BC20=0,0,BC20>0,(LOG(0.01*BC20/10^-CG20)))} -> 7.5629222 | AO20: {=_xlfn.IFS(BD20=0,0,BD20>0,(LOG(0.01*BD20/10^-CH20)))} -> 7.821093 | AP20: {=_xlfn.IFS(BE20=0,0,BE20>0,(LOG(0.01*BE20/10^-CI20)))} -> 7.0962279 | AQ20: {=_xlfn.IFS(BF20=0,0,BF20>0,(LOG(0.01*BF20/10^-CJ20)))} -> 0 | AR20: {=_xlfn.IFS(BG20=0,0,BG20>0,(LOG(0.01*BG20/10^-CK20)))} -> 0 | ... AY20: {=_xlfn.IFS(BN20=0,0,BN20>0,(LOG(0.01*BN20/10^-CR20)))} -> 7.8484967 | AZ20: =IF(BO20="",0,100*BO20/MAX(BO:BO)) -> 87.752603 | BA20: =IF(BP20="",0,100*BP20/MAX($BP:$BT)) -> 47.908992 | BB20: =IF(BQ20="",0,100*BQ20/MAX($BP:$BT)) -> 22.329361 | BC20: =IF(BR20="",0,100*BR20/MAX($BP:$BT)) -> 17.215601 | BD20: =IF(BS20="",0,100*BS20/MAX($BP:$BT)) -> 28.450704 | BE20: =IF(BT20="",0,100*BT20/MAX($BP:$BT)) -> 7.8927411 | BF20: =IF(BU20="",0,100*BU20/MAX($BU:$BX)) -> 0 | BG20: =IF(BV20="",0,100*BV20/MAX($BU:$BX)) -> 0 | BH20: =IF(BW20="",0,100*BW20/MAX($BU:$BX)) -> 1.2633552 | BI20: =IF(BX20="",0,100*BX20/MAX($BU:$BX)) -> 67.966261 | BJ20: =IF(BY20="",0,100*BY20/MAX($BY:$BZ)) -> 0 | BK20: =IF(BZ20="",0,100*BZ20/MAX($BY:$BZ)) -> 0 | BL20: =IF(CA20="",0,100*CA20/MAX($CA:$CC)) -> 47.599866 | BM20: =IF(CB20="",0,100*CB20/MAX($CA:$CC)) -> 36.690164 | BN20: =IF(CC20="",0,100*CC20/MAX($CA:$CC)) -> 48.472642 | BO20: 57.32 | BP20: 442.2 | BQ20: 206.1 | BR20: 158.9 | BS20: 262.6 | BT20: 72.85 | BW20: 13.48 | BX20: 725.2 | CA20: 1418 | CB20: 1093 | CC20: 1444 | CD20: 10.35 | CE20: 8.196 | CF20: 8.28 | CG20: 8.327 | CH20: 8.367 | CI20: 8.199 | CL20: 7.727 | CM20: 8.77 | CP20: 8.077 | CQ20: 7.981 | CR20: 8.163 | CS20: =IF(VLOOKUP($A20,'B-Ligands'!$A:$G,3,FALSE)="","",VLOOKUP($A20,'B-Ligands'!$A:$G,3,FALSE)) | CT20: =IF(VLOOKUP($A20,'B-Ligands'!$A:$G,4,FALSE)="","",VLOOKUP($A20,'B-Ligands'!$A:$G,4,FALSE)) -> Urocortin II | CU20: 11.340794 | CV20: 3.4940506 | CW20: 12.847723 | CX20: 14.477746 | CY20: 8.9008476 | CZ20: 4.1228212 | DA20: 8.5483003 | DB20: 11.100248 | DC20: 8.7834104 | DD20: 8.6627983 | DE20: 4.6388901 | DF20: 8.1442374 | DG20: 19.664781 | DH20: 8.5606148 | DI20: 6.5446503 | DJ20: =IF(BO20="",0,BO20/CU20) -> 5.0543199 | DK20: =IF(BP20="",0,BP20/CV20) -> 126.55798 | DL20: =IF(BQ20="",0,BQ20/CW20) -> 16.041753 | DM20: =IF(BR20="",0,BR20/CX20) -> 10.975465 | DN20: =IF(BS20="",0,BS20/CY20) -> 29.502808 | DO20: =IF(BT20="",0,BT20/CZ20) -> 17.669939 | DP20: =IF(BU20="",0,BU20/DA20) -> 0 | DQ20: =IF(BV20="",0,BV20/DB20) -> 0 | ... DX20: =IF(CC20="",0,CC20/DI20) -> 220.63822
A21: MTR1A | B21: 10.7554/eLife.74101 | C21: =IF(VLOOKUP($A21,'B-Ligands'!$A:$G,5,FALSE)="","",VLOOKUP($A21,'B-Ligands'!$A:$G,5,FALSE)) -> Guide To Pharmacology | D21: =IF(VLOOKUP($A21,'B-Ligands'!$A:$G,6,FALSE)="","",VLOOKUP($A21,'B-Ligands'!$A:$G,6,FALSE)) -> 224 | E21: =IF(VLOOKUP($A21,'B-Ligands'!$A:$G,7,FALSE)="","",VLOOKUP($A21,'B-Ligands'!$A:$G,7,FALSE)) -> Phys | F21: =IF(T21>0,1,"") | G21: =IF(U21>0,1,"") -> 1 | H21: =IF(V21>0,1,"") -> 1 | I21: =IF(W21>0,1,"") | J21: =COUNTIF(L21:O21,">0") -> 2 | K21: =SUBSTITUTE(INDEX(T$1:W$1,1,MATCH(MAX(T21:W21),T21:W21,0)),"-fam","") -> Gi/o | L21: =IF(T21=0,0,_xlfn.RANK.EQ(T21,$T21:$W21,0)) -> 0 | M21: =IF(U21=0,0,_xlfn.RANK.EQ(U21,$T21:$W21,0)) -> 1 | N21: =IF(V21=0,0,_xlfn.RANK.EQ(V21,$T21:$W21,0)) -> 2 | O21: =IF(W21=0,0,_xlfn.RANK.EQ(W21,$T21:$W21,0)) -> 0 | P21: =T21/MAX($T21:$W21)*100 -> 0 | Q21: =U21/MAX($T21:$W21)*100 -> 100 | R21: =V21/MAX($T21:$W21)*100 -> 89.194401 | S21: =W21/MAX($T21:$W21)*100 -> 0 | T21: =AK21 -> 0 | U21: =MAX(AL21:AP21) -> 10.108907 | V21: =MAX(AQ21:AT21) -> 9.0165788 | W21: =MAX(AU21:AV21) -> 0 | X21: =INDEX(AK$1:AV$1,1,MATCH(MAX(AK21:AV21),AK21:AV21,0)) -> Gi1 | Y21: =AK21/MAX($AK21:$AV21)*100 -> 0 | Z21: =AL21/MAX($AK21:$AV21)*100 -> 100 | AA21: =AM21/MAX($AK21:$AV21)*100 -> 99.156296 | AB21: =AN21/MAX($AK21:$AV21)*100 -> 97.91665 | AC21: =AO21/MAX($AK21:$AV21)*100 -> 99.311618 | AD21: =AP21/MAX($AK21:$AV21)*100 -> 0 | AE21: =AQ21/MAX($AK21:$AV21)*100 -> 0 | AF21: =AR21/MAX($AK21:$AV21)*100 -> 0 | ... AJ21: =AV21/MAX($AK21:$AV21)*100 -> 0 | AK21: {=_xlfn.IFS(AZ21=0,0,AZ21>0,(LOG(0.01*AZ21/10^-CD21)))} -> 0 | AL21: {=_xlfn.IFS(BA21=0,0,BA21>0,(LOG(0.01*BA21/10^-CE21)))} -> 10.108907 | AM21: {=_xlfn.IFS(BB21=0,0,BB21>0,(LOG(0.01*BB21/10^-CF21)))} -> 10.023617 | AN21: {=_xlfn.IFS(BC21=0,0,BC21>0,(LOG(0.01*BC21/10^-CG21)))} -> 9.8983028 | AO21: {=_xlfn.IFS(BD21=0,0,BD21>0,(LOG(0.01*BD21/10^-CH21)))} -> 10.039319 | AP21: {=_xlfn.IFS(BE21=0,0,BE21>0,(LOG(0.01*BE21/10^-CI21)))} -> 0 | AQ21: {=_xlfn.IFS(BF21=0,0,BF21>0,(LOG(0.01*BF21/10^-CJ21)))} -> 0 | AR21: {=_xlfn.IFS(BG21=0,0,BG21>0,(LOG(0.01*BG21/10^-CK21)))} -> 0 | ... AY21: {=_xlfn.IFS(BN21=0,0,BN21>0,(LOG(0.01*BN21/10^-CR21)))} -> 7.4732101 | AZ21: =IF(BO21="",0,100*BO21/MAX(BO:BO)) -> 0 | BA21: =IF(BP21="",0,100*BP21/MAX($BP:$BT)) -> 24.485374 | BB21: =IF(BQ21="",0,100*BQ21/MAX($BP:$BT)) -> 12.990249 | BC21: =IF(BR21="",0,100*BR21/MAX($BP:$BT)) -> 9.9609967 | BD21: =IF(BS21="",0,100*BS21/MAX($BP:$BT)) -> 11.2026 | BE21: =IF(BT21="",0,100*BT21/MAX($BP:$BT)) -> 0 | BF21: =IF(BU21="",0,100*BU21/MAX($BU:$BX)) -> 0 | BG21: =IF(BV21="",0,100*BV21/MAX($BU:$BX)) -> 0 | BH21: =IF(BW21="",0,100*BW21/MAX($BU:$BX)) -> 0 | BI21: =IF(BX21="",0,100*BX21/MAX($BU:$BX)) -> 66.157451 | BJ21: =IF(BY21="",0,100*BY21/MAX($BY:$BZ)) -> 0 | BK21: =IF(BZ21="",0,100*BZ21/MAX($BY:$BZ)) -> 0 | BL21: =IF(CA21="",0,100*CA21/MAX($CA:$CC)) -> 2.639812 | BM21: =IF(CB21="",0,100*CB21/MAX($CA:$CC)) -> 6.1497147 | BN21: =IF(CC21="",0,100*CC21/MAX($CA:$CC)) -> 5.2870091 | BP21: 226 | BQ21: 119.9 | BR21: 91.94 | BS21: 103.4 | BX21: 705.9 | CA21: 78.64 | CB21: 183.2 | CC21: 157.5 | CE21: 10.72 | CF21: 10.91 | CG21: 10.9 | CH21: 10.99 | CM21: 9.196 | CP21: 8.937 | CQ21: 8.909 | CR21: 8.75 | CS21: =IF(VLOOKUP($A21,'B-Ligands'!$A:$G,3,FALSE)="","",VLOOKUP($A21,'B-Ligands'!$A:$G,3,FALSE)) | CT21: =IF(VLOOKUP($A21,'B-Ligands'!$A:$G,4,FALSE)="","",VLOOKUP($A21,'B-Ligands'!$A:$G,4,FALSE)) -> Melatonin | CU21: 10.982507 | CV21: 12.248818 | CW21: 16.417718 | CX21: 5.4735951 | CY21: 5.6405931 | CZ21: 3.6340446 | DA21: 14 | DB21: 5.7410564 | DC21: 12.251678 | DD21: 7.7901595 | DE21: 12.095628 | DF21: 12.040822 | DG21: 7.4432293 | DH21: 13.881704 | DI21: 9.4501961 | DJ21: =IF(BO21="",0,BO21/CU21) -> 0 | DK21: =IF(BP21="",0,BP21/CV21) -> 18.450761 | DL21: =IF(BQ21="",0,BQ21/CW21) -> 7.3030857 | DM21: =IF(BR21="",0,BR21/CX21) -> 16.797004 | DN21: =IF(BS21="",0,BS21/CY21) -> 18.331406 | DO21: =IF(BT21="",0,BT21/CZ21) -> 0 | DP21: =IF(BU21="",0,BU21/DA21) -> 0 | DQ21: =IF(BV21="",0,BV21/DB21) -> 0 | ... DX21: =IF(CC21="",0,CC21/DI21) -> 16.666321
A22: C5AR1 | B22: 10.7554/eLife.74101 | C22: =IF(VLOOKUP($A22,'B-Ligands'!$A:$G,5,FALSE)="","",VLOOKUP($A22,'B-Ligands'!$A:$G,5,FALSE)) -> Guide To Pharmacology | D22: =IF(VLOOKUP($A22,'B-Ligands'!$A:$G,6,FALSE)="","",VLOOKUP($A22,'B-Ligands'!$A:$G,6,FALSE)) -> 573 | E22: =IF(VLOOKUP($A22,'B-Ligands'!$A:$G,7,FALSE)="","",VLOOKUP($A22,'B-Ligands'!$A:$G,7,FALSE)) -> Phys | F22: =IF(T22>0,1,"") | G22: =IF(U22>0,1,"") -> 1 | H22: =IF(V22>0,1,"") -> 1 | I22: =IF(W22>0,1,"") | J22: =COUNTIF(L22:O22,">0") -> 2 | K22: =SUBSTITUTE(INDEX(T$1:W$1,1,MATCH(MAX(T22:W22),T22:W22,0)),"-fam","") -> Gq/11 | L22: =IF(T22=0,0,_xlfn.RANK.EQ(T22,$T22:$W22,0)) -> 0 | M22: =IF(U22=0,0,_xlfn.RANK.EQ(U22,$T22:$W22,0)) -> 2 | N22: =IF(V22=0,0,_xlfn.RANK.EQ(V22,$T22:$W22,0)) -> 1 | O22: =IF(W22=0,0,_xlfn.RANK.EQ(W22,$T22:$W22,0)) -> 0 | P22: =T22/MAX($T22:$W22)*100 -> 0 | Q22: =U22/MAX($T22:$W22)*100 -> 98.99153 | R22: =V22/MAX($T22:$W22)*100 -> 100 | S22: =W22/MAX($T22:$W22)*100 -> 0 | T22: =AK22 -> 0 | U22: =MAX(AL22:AP22) -> 9.1672029 | V22: =MAX(AQ22:AT22) -> 9.2605933 | W22: =MAX(AU22:AV22) -> 0 | X22: =INDEX(AK$1:AV$1,1,MATCH(MAX(AK22:AV22),AK22:AV22,0)) -> G15 | Y22: =AK22/MAX($AK22:$AV22)*100 -> 0 | Z22: =AL22/MAX($AK22:$AV22)*100 -> 97.99874 | AA22: =AM22/MAX($AK22:$AV22)*100 -> 98.99153 | AB22: =AN22/MAX($AK22:$AV22)*100 -> 91.817317 | AC22: =AO22/MAX($AK22:$AV22)*100 -> 98.022703 | AD22: =AP22/MAX($AK22:$AV22)*100 -> 87.916454 | AE22: =AQ22/MAX($AK22:$AV22)*100 -> 0 | AF22: =AR22/MAX($AK22:$AV22)*100 -> 0 | ... AJ22: =AV22/MAX($AK22:$AV22)*100 -> 0 | AK22: {=_xlfn.IFS(AZ22=0,0,AZ22>0,(LOG(0.01*AZ22/10^-CD22)))} -> 0 | AL22: {=_xlfn.IFS(BA22=0,0,BA22>0,(LOG(0.01*BA22/10^-CE22)))} -> 9.0752647 | AM22: {=_xlfn.IFS(BB22=0,0,BB22>0,(LOG(0.01*BB22/10^-CF22)))} -> 9.1672029 | AN22: {=_xlfn.IFS(BC22=0,0,BC22>0,(LOG(0.01*BC22/10^-CG22)))} -> 8.5028283 | AO22: {=_xlfn.IFS(BD22=0,0,BD22>0,(LOG(0.01*BD22/10^-CH22)))} -> 9.0774838 | AP22: {=_xlfn.IFS(BE22=0,0,BE22>0,(LOG(0.01*BE22/10^-CI22)))} -> 8.1415852 | AQ22: {=_xlfn.IFS(BF22=0,0,BF22>0,(LOG(0.01*BF22/10^-CJ22)))} -> 0 | AR22: {=_xlfn.IFS(BG22=0,0,BG22>0,(LOG(0.01*BG22/10^-CK22)))} -> 0 | ... AY22: {=_xlfn.IFS(BN22=0,0,BN22>0,(LOG(0.01*BN22/10^-CR22)))} -> 7.5510057 | AZ22: =IF(BO22="",0,100*BO22/MAX(BO:BO)) -> 0 | BA22: =IF(BP22="",0,100*BP22/MAX($BP:$BT)) -> 81.332611 | BB22: =IF(BQ22="",0,100*BQ22/MAX($BP:$BT)) -> 44.279523 | BC22: =IF(BR22="",0,100*BR22/MAX($BP:$BT)) -> 21.668472 | BD22: =IF(BS22="",0,100*BS22/MAX($BP:$BT)) -> 43.499458 | BE22: =IF(BT22="",0,100*BT22/MAX($BP:$BT)) -> 21.408451 | BF22: =IF(BU22="",0,100*BU22/MAX($BU:$BX)) -> 0 | BG22: =IF(BV22="",0,100*BV22/MAX($BU:$BX)) -> 0 | BH22: =IF(BW22="",0,100*BW22/MAX($BU:$BX)) -> 0 | BI22: =IF(BX22="",0,100*BX22/MAX($BU:$BX)) -> 66.007498 | BJ22: =IF(BY22="",0,100*BY22/MAX($BY:$BZ)) -> 0 | BK22: =IF(BZ22="",0,100*BZ22/MAX($BY:$BZ)) -> 0 | BL22: =IF(CA22="",0,100*CA22/MAX($CA:$CC)) -> 100 | BM22: =IF(CB22="",0,100*CB22/MAX($CA:$CC)) -> 40.013427 | BN22: =IF(CC22="",0,100*CC22/MAX($CA:$CC)) -> 76.73716 | BP22: 750.7 | BQ22: 408.7 | BR22: 200 | BS22: 401.5 | BT22: 197.6 | BX22: 704.3 | CA22: 2979 | CB22: 1192 | CC22: 2286 | CE22: 9.165 | CF22: 9.521 | CG22: 9.167 | CH22: 9.439 | CI22: 8.811 | CM22: 9.441 | CP22: 7.77 | CQ22: 7.689 | CR22: 7.666 | CS22: =IF(VLOOKUP($A22,'B-Ligands'!$A:$G,3,FALSE)="","",VLOOKUP($A22,'B-Ligands'!$A:$G,3,FALSE)) -> C5a | CT22: =IF(VLOOKUP($A22,'B-Ligands'!$A:$G,4,FALSE)="","",VLOOKUP($A22,'B-Ligands'!$A:$G,4,FALSE)) -> C5a anaphylatoxin | CU22: 17.313394 | CV22: 21.216174 | CW22: 16.809793 | CX22: 15.238533 | CY22: 18.243291 | CZ22: 15.596135 | DA22: 8.4043285 | DB22: 18.406285 | DC22: 8.7586007 | DD22: 6.2404159 | DE22: 8.3063648 | DF22: 12.616877 | DG22: 24.850087 | DH22: 16.514067 | DI22: 9.2008571 | DJ22: =IF(BO22="",0,BO22/CU22) -> 0 | DK22: =IF(BP22="",0,BP22/CV22) -> 35.383383 | DL22: =IF(BQ22="",0,BQ22/CW22) -> 24.313208 | DM22: =IF(BR22="",0,BR22/CX22) -> 13.124623 | DN22: =IF(BS22="",0,BS22/CY22) -> 22.00809 | DO22: =IF(BT22="",0,BT22/CZ22) -> 12.669805 | DP22: =IF(BU22="",0,BU22/DA22) -> 0 | DQ22: =IF(BV22="",0,BV22/DB22) -> 0 | ... DX22: =IF(CC22="",0,CC22/DI22) -> 248.45512
A23: ADRB1 | B23: 10.7554/eLife.74101 | C23: =IF(VLOOKUP($A23,'B-Ligands'!$A:$G,5,FALSE)="","",VLOOKUP($A23,'B-Ligands'!$A:$G,5,FALSE)) -> Guide To Pharmacology | D23: =IF(VLOOKUP($A23,'B-Ligands'!$A:$G,6,FALSE)="","",VLOOKUP($A23,'B-Ligands'!$A:$G,6,FALSE)) -> 484 | E23: =IF(VLOOKUP($A23,'B-Ligands'!$A:$G,7,FALSE)="","",VLOOKUP($A23,'B-Ligands'!$A:$G,7,FALSE)) -> Phys | F23: =IF(T23>0,1,"") -> 1 | G23: =IF(U23>0,1,"") -> 1 | H23: =IF(V23>0,1,"") -> 1 | I23: =IF(W23>0,1,"") -> 1 | J23: =COUNTIF(L23:O23,">0") -> 4 | K23: =SUBSTITUTE(INDEX(T$1:W$1,1,MATCH(MAX(T23:W23),T23:W23,0)),"-fam","") -> Gs | L23: =IF(T23=0,0,_xlfn.RANK.EQ(T23,$T23:$W23,0)) -> 1 | M23: =IF(U23=0,0,_xlfn.RANK.EQ(U23,$T23:$W23,0)) -> 3 | N23: =IF(V23=0,0,_xlfn.RANK.EQ(V23,$T23:$W23,0)) -> 2 | O23: =IF(W23=0,0,_xlfn.RANK.EQ(W23,$T23:$W23,0)) -> 4 | P23: =T23/MAX($T23:$W23)*100 -> 100 | Q23: =U23/MAX($T23:$W23)*100 -> 63.565424 | R23: =V23/MAX($T23:$W23)*100 -> 85.148631 | S23: =W23/MAX($T23:$W23)*100 -> 57.377937 | T23: =AK23 -> 9.6298142 | U23: =MAX(AL23:AP23) -> 6.1212322 | V23: =MAX(AQ23:AT23) -> 8.1996549 | W23: =MAX(AU23:AV23) -> 5.5253888 | X23: =INDEX(AK$1:AV$1,1,MATCH(MAX(AK23:AV23),AK23:AV23,0)) -> GsL | Y23: =AK23/MAX($AK23:$AV23)*100 -> 100 | Z23: =AL23/MAX($AK23:$AV23)*100 -> 0 | AA23: =AM23/MAX($AK23:$AV23)*100 -> 0 | AB23: =AN23/MAX($AK23:$AV23)*100 -> 55.640484 | AC23: =AO23/MAX($AK23:$AV23)*100 -> 60.049172 | AD23: =AP23/MAX($AK23:$AV23)*100 -> 63.565424 | AE23: =AQ23/MAX($AK23:$AV23)*100 -> 47.928394 | AF23: =AR23/MAX($AK23:$AV23)*100 -> 0 | ... AJ23: =AV23/MAX($AK23:$AV23)*100 -> 53.773072 | AK23: {=_xlfn.IFS(AZ23=0,0,AZ23>0,(LOG(0.01*AZ23/10^-CD23)))} -> 9.6298142 | AL23: {=_xlfn.IFS(BA23=0,0,BA23>0,(LOG(0.01*BA23/10^-CE23)))} -> 0 | AM23: {=_xlfn.IFS(BB23=0,0,BB23>0,(LOG(0.01*BB23/10^-CF23)))} -> 0 | AN23: {=_xlfn.IFS(BC23=0,0,BC23>0,(LOG(0.01*BC23/10^-CG23)))} -> 5.3580752 | AO23: {=_xlfn.IFS(BD23=0,0,BD23>0,(LOG(0.01*BD23/10^-CH23)))} -> 5.7826237 | AP23: {=_xlfn.IFS(BE23=0,0,BE23>0,(LOG(0.01*BE23/10^-CI23)))} -> 6.1212322 | AQ23: {=_xlfn.IFS(BF23=0,0,BF23>0,(LOG(0.01*BF23/10^-CJ23)))} -> 4.6154153 | AR23: {=_xlfn.IFS(BG23=0,0,BG23>0,(LOG(0.01*BG23/10^-CK23)))} -> 0 | ... AY23: {=_xlfn.IFS(BN23=0,0,BN23>0,(LOG(0.01*BN23/10^-CR23)))} -> 5.8245905 | AZ23: =IF(BO23="",0,100*BO23/MAX(BO:BO)) -> 84.491733 | BA23: =IF(BP23="",0,100*BP23/MAX($BP:$BT)) -> 0 | BB23: =IF(BQ23="",0,100*BQ23/MAX($BP:$BT)) -> 0 | BC23: =IF(BR23="",0,100*BR23/MAX($BP:$BT)) -> 6.0964247 | BD23: =IF(BS23="",0,100*BS23/MAX($BP:$BT)) -> 16.619718 | BE23: =IF(BT23="",0,100*BT23/MAX($BP:$BT)) -> 16.078007 | BF23: =IF(BU23="",0,100*BU23/MAX($BU:$BX)) -> 3.2539831 | BG23: =IF(BV23="",0,100*BV23/MAX($BU:$BX)) -> 0 | BH23: =IF(BW23="",0,100*BW23/MAX($BU:$BX)) -> 18.078725 | BI23: =IF(BX23="",0,100*BX23/MAX($BU:$BX)) -> 66.01687 | BJ23: =IF(BY23="",0,100*BY23/MAX($BY:$BZ)) -> 13.595299 | BK23: =IF(BZ23="",0,100*BZ23/MAX($BY:$BZ)) -> 13.435287 | BL23: =IF(CA23="",0,100*CA23/MAX($CA:$CC)) -> 10.812353 | BM23: =IF(CB23="",0,100*CB23/MAX($CA:$CC)) -> 6.7505874 | BN23: =IF(CC23="",0,100*CC23/MAX($CA:$CC)) -> 11.158107 | BO23: 55.19 | BR23: 56.27 | BS23: 153.4 | BT23: 148.4 | BU23: 34.72 | BW23: 192.9 | BX23: 704.4 | BY23: 96.01 | BZ23: 94.88 | CA23: 322.1 | CB23: 201.1 | CC23: 332.4 | CD23: 9.703 | CG23: 6.573 | CH23: 6.562 | CI23: 6.915 | CJ23: 6.103 | CL23: 6.094 | CM23: 8.38 | CN23: 6.392 | CO23: 6.05 | CP23: 6.553 | CQ23: 6.629 | CR23: 6.777 | CS23: =IF(VLOOKUP($A23,'B-Ligands'!$A:$G,3,FALSE)="","",VLOOKUP($A23,'B-Ligands'!$A:$G,3,FALSE)) | CT23: =IF(VLOOKUP($A23,'B-Ligands'!$A:$G,4,FALSE)="","",VLOOKUP($A23,'B-Ligands'!$A:$G,4,FALSE)) -> Noradrenaline | CU23: 7.4064875 | CV23: 1.7942413 | CW23: 5.8526136 | CX23: 8.5528602 | CY23: 46.396664 | CZ23: 34.326615 | DA23: 10.166217 | DB23: 18.523453 | DC23: 26.456289 | DD23: 12.062565 | DE23: 6.4247703 | DF23: 10.910465 | DG23: 5.7348232 | DH23: 16.948365 | DI23: 37.50185 | DJ23: =IF(BO23="",0,BO23/CU23) -> 7.4515754 | DK23: =IF(BP23="",0,BP23/CV23) -> 0 | DL23: =IF(BQ23="",0,BQ23/CW23) -> 0 | DM23: =IF(BR23="",0,BR23/CX23) -> 6.5790857 | DN23: =IF(BS23="",0,BS23/CY23) -> 3.3062722 | DO23: =IF(BT23="",0,BT23/CZ23) -> 4.3231761 | DP23: =IF(BU23="",0,BU23/DA23) -> 3.4152331 | DQ23: =IF(BV23="",0,BV23/DB23) -> 0 | ... DX23: =IF(CC23="",0,CC23/DI23) -> 8.8635628
A24: HRH2 | B24: 10.7554/eLife.74101 | C24: =IF(VLOOKUP($A24,'B-Ligands'!$A:$G,5,FALSE)="","",VLOOKUP($A24,'B-Ligands'!$A:$G,5,FALSE)) -> Guide To Pharmacology | D24: =IF(VLOOKUP($A24,'B-Ligands'!$A:$G,6,FALSE)="","",VLOOKUP($A24,'B-Ligands'!$A:$G,6,FALSE)) -> 1204 | E24: =IF(VLOOKUP($A24,'B-Ligands'!$A:$G,7,FALSE)="","",VLOOKUP($A24,'B-Ligands'!$A:$G,7,FALSE)) -> Phys | F24: =IF(T24>0,1,"") -> 1 | G24: =IF(U24>0,1,"") -> 1 | H24: =IF(V24>0,1,"") -> 1 | I24: =IF(W24>0,1,"") -> 1 | J24: =COUNTIF(L24:O24,">0") -> 4 | K24: =SUBSTITUTE(INDEX(T$1:W$1,1,MATCH(MAX(T24:W24),T24:W24,0)),"-fam","") -> Gs | L24: =IF(T24=0,0,_xlfn.RANK.EQ(T24,$T24:$W24,0)) -> 1 | M24: =IF(U24=0,0,_xlfn.RANK.EQ(U24,$T24:$W24,0)) -> 4 | N24: =IF(V24=0,0,_xlfn.RANK.EQ(V24,$T24:$W24,0)) -> 2 | O24: =IF(W24=0,0,_xlfn.RANK.EQ(W24,$T24:$W24,0)) -> 3 | P24: =T24/MAX($T24:$W24)*100 -> 100 | Q24: =U24/MAX($T24:$W24)*100 -> 57.902769 | R24: =V24/MAX($T24:$W24)*100 -> 92.794785 | S24: =W24/MAX($T24:$W24)*100 -> 63.214719 | T24: =AK24 -> 7.0081997 | U24: =MAX(AL24:AP24) -> 4.0579417 | V24: =MAX(AQ24:AT24) -> 6.5032439 | W24: =MAX(AU24:AV24) -> 4.4302138 | X24: =INDEX(AK$1:AV$1,1,MATCH(MAX(AK24:AV24),AK24:AV24,0)) -> GsL | Y24: =AK24/MAX($AK24:$AV24)*100 -> 100 | Z24: =AL24/MAX($AK24:$AV24)*100 -> 0 | AA24: =AM24/MAX($AK24:$AV24)*100 -> 0 | AB24: =AN24/MAX($AK24:$AV24)*100 -> 57.528829 | AC24: =AO24/MAX($AK24:$AV24)*100 -> 57.902769 | AD24: =AP24/MAX($AK24:$AV24)*100 -> 45.551247 | AE24: =AQ24/MAX($AK24:$AV24)*100 -> 0 | AF24: =AR24/MAX($AK24:$AV24)*100 -> 0 | ... AJ24: =AV24/MAX($AK24:$AV24)*100 -> 63.214719 | AK24: {=_xlfn.IFS(AZ24=0,0,AZ24>0,(LOG(0.01*AZ24/10^-CD24)))} -> 7.0081997 | AL24: {=_xlfn.IFS(BA24=0,0,BA24>0,(LOG(0.01*BA24/10^-CE24)))} -> 0 | AM24: {=_xlfn.IFS(BB24=0,0,BB24>0,(LOG(0.01*BB24/10^-CF24)))} -> 0 | AN24: {=_xlfn.IFS(BC24=0,0,BC24>0,(LOG(0.01*BC24/10^-CG24)))} -> 4.0317352 | AO24: {=_xlfn.IFS(BD24=0,0,BD24>0,(LOG(0.01*BD24/10^-CH24)))} -> 4.0579417 | AP24: {=_xlfn.IFS(BE24=0,0,BE24>0,(LOG(0.01*BE24/10^-CI24)))} -> 3.1923224 | AQ24: {=_xlfn.IFS(BF24=0,0,BF24>0,(LOG(0.01*BF24/10^-CJ24)))} -> 0 | AR24: {=_xlfn.IFS(BG24=0,0,BG24>0,(LOG(0.01*BG24/10^-CK24)))} -> 0 | ... AY24: {=_xlfn.IFS(BN24=0,0,BN24>0,(LOG(0.01*BN24/10^-CR24)))} -> 4.3984477 | AZ24: =IF(BO24="",0,100*BO24/MAX(BO:BO)) -> 79.286589 | BA24: =IF(BP24="",0,100*BP24/MAX($BP:$BT)) -> 0 | BB24: =IF(BQ24="",0,100*BQ24/MAX($BP:$BT)) -> 0 | BC24: =IF(BR24="",0,100*BR24/MAX($BP:$BT)) -> 2.0032503 | BD24: =IF(BS24="",0,100*BS24/MAX($BP:$BT)) -> 5.0227519 | BE24: =IF(BT24="",0,100*BT24/MAX($BP:$BT)) -> 8.6760563 | BF24: =IF(BU24="",0,100*BU24/MAX($BU:$BX)) -> 0 | BG24: =IF(BV24="",0,100*BV24/MAX($BU:$BX)) -> 0 | BH24: =IF(BW24="",0,100*BW24/MAX($BU:$BX)) -> 0 | BI24: =IF(BX24="",0,100*BX24/MAX($BU:$BX)) -> 64.601687 | BJ24: =IF(BY24="",0,100*BY24/MAX($BY:$BZ)) -> 10.838289 | BK24: =IF(BZ24="",0,100*BZ24/MAX($BY:$BZ)) -> 27.810818 | BL24: =IF(CA24="",0,100*CA24/MAX($CA:$CC)) -> 15.387714 | BM24: =IF(CB24="",0,100*CB24/MAX($CA:$CC)) -> 0 | BN24: =IF(CC24="",0,100*CC24/MAX($CA:$CC)) -> 14.172541 | BO24: 51.79 | BR24: 18.49 | BS24: 46.36 | BT24: 80.08 | BX24: 689.3 | BY24: 76.54 | BZ24: 196.4 | CA24: 458.4 | CC24: 422.2 | CD24: 7.109 | CG24: 5.73 | CH24: 5.357 | CI24: 4.254 | CM24: 6.693 | CN24: 5 | CO24: 4.986 | CP24: 4.817 | CR24: 5.247 | CS24: =IF(VLOOKUP($A24,'B-Ligands'!$A:$G,3,FALSE)="","",VLOOKUP($A24,'B-Ligands'!$A:$G,3,FALSE)) | CT24: =IF(VLOOKUP($A24,'B-Ligands'!$A:$G,4,FALSE)="","",VLOOKUP($A24,'B-Ligands'!$A:$G,4,FALSE)) -> Histamine | CU24: 14.835158 | CV24: 19.104515 | CW24: 7.2781059 | CX24: 0.57723003 | CY24: 17.117858 | CZ24: 6.520533 | DA24: 7.1096414 | DB24: 4.4196534 | DC24: 9.7452996 | DD24: 13.993671 | DE24: 12.319102 | DF24: 14.359299 | DG24: 5.9678601 | DH24: 23.59351 | DI24: 0.85380621 | DJ24: =IF(BO24="",0,BO24/CU24) -> 3.4910313 | DK24: =IF(BP24="",0,BP24/CV24) -> 0 | DL24: =IF(BQ24="",0,BQ24/CW24) -> 0 | DM24: =IF(BR24="",0,BR24/CX24) -> 32.032291 | DN24: =IF(BS24="",0,BS24/CY24) -> 2.7082828 | DO24: =IF(BT24="",0,BT24/CZ24) -> 12.281205 | DP24: =IF(BU24="",0,BU24/DA24) -> 0 | DQ24: =IF(BV24="",0,BV24/DB24) -> 0 | ... DX24: =IF(CC24="",0,CC24/DI24) -> 494.4916
A25: AA2BR | B25: 10.7554/eLife.74101 | C25: =IF(VLOOKUP($A25,'B-Ligands'!$A:$G,5,FALSE)="","",VLOOKUP($A25,'B-Ligands'!$A:$G,5,FALSE)) -> Guide To Pharmacology | D25: =IF(VLOOKUP($A25,'B-Ligands'!$A:$G,6,FALSE)="","",VLOOKUP($A25,'B-Ligands'!$A:$G,6,FALSE)) -> 2844 | E25: =IF(VLOOKUP($A25,'B-Ligands'!$A:$G,7,FALSE)="","",VLOOKUP($A25,'B-Ligands'!$A:$G,7,FALSE)) -> Phys | F25: =IF(T25>0,1,"") -> 1 | G25: =IF(U25>0,1,"") | H25: =IF(V25>0,1,"") -> 1 | I25: =IF(W25>0,1,"") | J25: =COUNTIF(L25:O25,">0") -> 2 | K25: =SUBSTITUTE(INDEX(T$1:W$1,1,MATCH(MAX(T25:W25),T25:W25,0)),"-fam","") -> Gs | L25: =IF(T25=0,0,_xlfn.RANK.EQ(T25,$T25:$W25,0)) -> 1 | M25: =IF(U25=0,0,_xlfn.RANK.EQ(U25,$T25:$W25,0)) -> 0 | N25: =IF(V25=0,0,_xlfn.RANK.EQ(V25,$T25:$W25,0)) -> 2 | O25: =IF(W25=0,0,_xlfn.RANK.EQ(W25,$T25:$W25,0)) -> 0 | P25: =T25/MAX($T25:$W25)*100 -> 100 | Q25: =U25/MAX($T25:$W25)*100 -> 0 | R25: =V25/MAX($T25:$W25)*100 -> 99.824644 | S25: =W25/MAX($T25:$W25)*100 -> 0 | T25: =AK25 -> 6.0238701 | U25: =MAX(AL25:AP25) -> 0 | V25: =MAX(AQ25:AT25) -> 6.0133069 | W25: =MAX(AU25:AV25) -> 0 | X25: =INDEX(AK$1:AV$1,1,MATCH(MAX(AK25:AV25),AK25:AV25,0)) -> GsL | Y25: =AK25/MAX($AK25:$AV25)*100 -> 100 | Z25: =AL25/MAX($AK25:$AV25)*100 -> 0 | AA25: =AM25/MAX($AK25:$AV25)*100 -> 0 | AB25: =AN25/MAX($AK25:$AV25)*100 -> 0 | AC25: =AO25/MAX($AK25:$AV25)*100 -> 0 | AD25: =AP25/MAX($AK25:$AV25)*100 -> 0 | AE25: =AQ25/MAX($AK25:$AV25)*100 -> 0 | AF25: =AR25/MAX($AK25:$AV25)*100 -> 0 | ... AJ25: =AV25/MAX($AK25:$AV25)*100 -> 0 | AK25: {=_xlfn.IFS(AZ25=0,0,AZ25>0,(LOG(0.01*AZ25/10^-CD25)))} -> 6.0238701 | AL25: {=_xlfn.IFS(BA25=0,0,BA25>0,(LOG(0.01*BA25/10^-CE25)))} -> 0 | AM25: {=_xlfn.IFS(BB25=0,0,BB25>0,(LOG(0.01*BB25/10^-CF25)))} -> 0 | AN25: {=_xlfn.IFS(BC25=0,0,BC25>0,(LOG(0.01*BC25/10^-CG25)))} -> 0 | AO25: {=_xlfn.IFS(BD25=0,0,BD25>0,(LOG(0.01*BD25/10^-CH25)))} -> 0 | AP25: {=_xlfn.IFS(BE25=0,0,BE25>0,(LOG(0.01*BE25/10^-CI25)))} -> 0 | AQ25: {=_xlfn.IFS(BF25=0,0,BF25>0,(LOG(0.01*BF25/10^-CJ25)))} -> 0 | AR25: {=_xlfn.IFS(BG25=0,0,BG25>0,(LOG(0.01*BG25/10^-CK25)))} -> 0 | ... AY25: {=_xlfn.IFS(BN25=0,0,BN25>0,(LOG(0.01*BN25/10^-CR25)))} -> 0 | AZ25: =IF(BO25="",0,100*BO25/MAX(BO:BO)) -> 79.409063 | BA25: =IF(BP25="",0,100*BP25/MAX($BP:$BT)) -> 0 | BB25: =IF(BQ25="",0,100*BQ25/MAX($BP:$BT)) -> 0 | BC25: =IF(BR25="",0,100*BR25/MAX($BP:$BT)) -> 0 | BD25: =IF(BS25="",0,100*BS25/MAX($BP:$BT)) -> 0 | BE25: =IF(BT25="",0,100*BT25/MAX($BP:$BT)) -> 0 | BF25: =IF(BU25="",0,100*BU25/MAX($BU:$BX)) -> 0 | BG25: =IF(BV25="",0,100*BV25/MAX($BU:$BX)) -> 0 | BH25: =IF(BW25="",0,100*BW25/MAX($BU:$BX)) -> 0 | BI25: =IF(BX25="",0,100*BX25/MAX($BU:$BX)) -> 64.611059 | BJ25: =IF(BY25="",0,100*BY25/MAX($BY:$BZ)) -> 0 | BK25: =IF(BZ25="",0,100*BZ25/MAX($BY:$BZ)) -> 0 | BL25: =IF(CA25="",0,100*CA25/MAX($CA:$CC)) -> 0 | BM25: =IF(CB25="",0,100*CB25/MAX($CA:$CC)) -> 0 | BN25: =IF(CC25="",0,100*CC25/MAX($CA:$CC)) -> 0 | BO25: 51.87 | BX25: 689.4 | CD25: 6.124 | CM25: 6.203 | CS25: =IF(VLOOKUP($A25,'B-Ligands'!$A:$G,3,FALSE)="","",VLOOKUP($A25,'B-Ligands'!$A:$G,3,FALSE)) | CT25: =IF(VLOOKUP($A25,'B-Ligands'!$A:$G,4,FALSE)="","",VLOOKUP($A25,'B-Ligands'!$A:$G,4,FALSE)) -> Adenosine | CU25: 23.846091 | CV25: 2.3285068 | CW25: 13.211167 | CX25: 6.8569593 | CY25: 26.077691 | CZ25: 31.810824 | DA25: 17.936186 | DB25: 19.251897 | DC25: 14.571695 | DD25: 22.103258 | DE25: 9.0660827 | DF25: 8.6362368 | DG25: 31.144331 | DH25: 24.084987 | DI25: 22.685159 | DJ25: =IF(BO25="",0,BO25/CU25) -> 2.1751993 | DK25: =IF(BP25="",0,BP25/CV25) -> 0 | DL25: =IF(BQ25="",0,BQ25/CW25) -> 0 | DM25: =IF(BR25="",0,BR25/CX25) -> 0 | DN25: =IF(BS25="",0,BS25/CY25) -> 0 | DO25: =IF(BT25="",0,BT25/CZ25) -> 0 | DP25: =IF(BU25="",0,BU25/DA25) -> 0 | DQ25: =IF(BV25="",0,BV25/DB25) -> 0 | ... DX25: =IF(CC25="",0,CC25/DI25) -> 0
A26: PE2R4 | B26: 10.7554/eLife.74101 | C26: =IF(VLOOKUP($A26,'B-Ligands'!$A:$G,5,FALSE)="","",VLOOKUP($A26,'B-Ligands'!$A:$G,5,FALSE)) -> Guide To Pharmacology | D26: =IF(VLOOKUP($A26,'B-Ligands'!$A:$G,6,FALSE)="","",VLOOKUP($A26,'B-Ligands'!$A:$G,6,FALSE)) -> 1883 | E26: =IF(VLOOKUP($A26,'B-Ligands'!$A:$G,7,FALSE)="","",VLOOKUP($A26,'B-Ligands'!$A:$G,7,FALSE)) -> Phys | F26: =IF(T26>0,1,"") -> 1 | G26: =IF(U26>0,1,"") -> 1 | H26: =IF(V26>0,1,"") -> 1 | I26: =IF(W26>0,1,"") -> 1 | J26: =COUNTIF(L26:O26,">0") -> 4 | K26: =SUBSTITUTE(INDEX(T$1:W$1,1,MATCH(MAX(T26:W26),T26:W26,0)),"-fam","") -> Gs | L26: =IF(T26=0,0,_xlfn.RANK.EQ(T26,$T26:$W26,0)) -> 1 | M26: =IF(U26=0,0,_xlfn.RANK.EQ(U26,$T26:$W26,0)) -> 2 | N26: =IF(V26=0,0,_xlfn.RANK.EQ(V26,$T26:$W26,0)) -> 3 | O26: =IF(W26=0,0,_xlfn.RANK.EQ(W26,$T26:$W26,0)) -> 4 | P26: =T26/MAX($T26:$W26)*100 -> 100 | Q26: =U26/MAX($T26:$W26)*100 -> 85.048386 | R26: =V26/MAX($T26:$W26)*100 -> 82.887471 | S26: =W26/MAX($T26:$W26)*100 -> 82.77259 | T26: =AK26 -> 10.468159 | U26: =MAX(AL26:AP26) -> 8.9030003 | V26: =MAX(AQ26:AT26) -> 8.6767923 | W26: =MAX(AU26:AV26) -> 8.6647664 | X26: =INDEX(AK$1:AV$1,1,MATCH(MAX(AK26:AV26),AK26:AV26,0)) -> GsL | Y26: =AK26/MAX($AK26:$AV26)*100 -> 100 | Z26: =AL26/MAX($AK26:$AV26)*100 -> 85.048386 | AA26: =AM26/MAX($AK26:$AV26)*100 -> 79.40238 | AB26: =AN26/MAX($AK26:$AV26)*100 -> 0 | AC26: =AO26/MAX($AK26:$AV26)*100 -> 67.238381 | AD26: =AP26/MAX($AK26:$AV26)*100 -> 69.11797 | AE26: =AQ26/MAX($AK26:$AV26)*100 -> 0 | AF26: =AR26/MAX($AK26:$AV26)*100 -> 0 | ... AJ26: =AV26/MAX($AK26:$AV26)*100 -> 75.182982 | AK26: {=_xlfn.IFS(AZ26=0,0,AZ26>0,(LOG(0.01*AZ26/10^-CD26)))} -> 10.468159 | AL26: {=_xlfn.IFS(BA26=0,0,BA26>0,(LOG(0.01*BA26/10^-CE26)))} -> 8.9030003 | AM26: {=_xlfn.IFS(BB26=0,0,BB26>0,(LOG(0.01*BB26/10^-CF26)))} -> 8.3119674 | AN26: {=_xlfn.IFS(BC26=0,0,BC26>0,(LOG(0.01*BC26/10^-CG26)))} -> 0 | AO26: {=_xlfn.IFS(BD26=0,0,BD26>0,(LOG(0.01*BD26/10^-CH26)))} -> 7.0386207 | AP26: {=_xlfn.IFS(BE26=0,0,BE26>0,(LOG(0.01*BE26/10^-CI26)))} -> 7.235379 | AQ26: {=_xlfn.IFS(BF26=0,0,BF26>0,(LOG(0.01*BF26/10^-CJ26)))} -> 0 | AR26: {=_xlfn.IFS(BG26=0,0,BG26>0,(LOG(0.01*BG26/10^-CK26)))} -> 0 | ... AY26: {=_xlfn.IFS(BN26=0,0,BN26>0,(LOG(0.01*BN26/10^-CR26)))} -> 7.9426556 | AZ26: =IF(BO26="",0,100*BO26/MAX(BO:BO)) -> 72.137171 | BA26: =IF(BP26="",0,100*BP26/MAX($BP:$BT)) -> 55.590466 | BB26: =IF(BQ26="",0,100*BQ26/MAX($BP:$BT)) -> 26.728061 | BC26: =IF(BR26="",0,100*BR26/MAX($BP:$BT)) -> 0 | BD26: =IF(BS26="",0,100*BS26/MAX($BP:$BT)) -> 6.631636 | BE26: =IF(BT26="",0,100*BT26/MAX($BP:$BT)) -> 9.6023835 | BF26: =IF(BU26="",0,100*BU26/MAX($BU:$BX)) -> 0 | BG26: =IF(BV26="",0,100*BV26/MAX($BU:$BX)) -> 0 | BH26: =IF(BW26="",0,100*BW26/MAX($BU:$BX)) -> 0 | BI26: =IF(BX26="",0,100*BX26/MAX($BU:$BX)) -> 64.386129 | BJ26: =IF(BY26="",0,100*BY26/MAX($BY:$BZ)) -> 10.709431 | BK26: =IF(BZ26="",0,100*BZ26/MAX($BY:$BZ)) -> 13.685925 | BL26: =IF(CA26="",0,100*CA26/MAX($CA:$CC)) -> 8.4424303 | BM26: =IF(CB26="",0,100*CB26/MAX($CA:$CC)) -> 13.447466 | BN26: =IF(CC26="",0,100*CC26/MAX($CA:$CC)) -> 4.9278281 | BO26: 47.12 | BP26: 513.1 | BQ26: 246.7 | BS26: 61.21 | BT26: 88.63 | BX26: 687 | BY26: 75.63 | BZ26: 96.65 | CA26: 251.5 | CB26: 400.6 | CC26: 146.8 | CD26: 10.61 | CE26: 9.158 | CF26: 8.885 | CH26: 8.217 | CI26: 8.253 | CM26: 8.868 | CN26: 9.635 | CO26: 8.734 | CP26: 8.921 | CQ26: 8.59 | CR26: 9.25 | CS26: =IF(VLOOKUP($A26,'B-Ligands'!$A:$G,3,FALSE)="","",VLOOKUP($A26,'B-Ligands'!$A:$G,3,FALSE)) -> PGE2 | CT26: =IF(VLOOKUP($A26,'B-Ligands'!$A:$G,4,FALSE)="","",VLOOKUP($A26,'B-Ligands'!$A:$G,4,FALSE)) -> Prostaglandin E5 | CU26: 1.5517816 | CV26: 25.373448 | CW26: 9.5122864 | CX26: 1.2420947 | CY26: 1.5575039 | CZ26: 6.3143033 | DA26: 9.3064393 | DB26: 11.929395 | DC26: 18.424945 | DD26: 16.022937 | DE26: 26.75539 | DF26: 15.294846 | DG26: 7.7452554 | DH26: 11.464682 | DI26: 16.005537 | DJ26: =IF(BO26="",0,BO26/CU26) -> 30.365097 | DK26: =IF(BP26="",0,BP26/CV26) -> 20.221926 | DL26: =IF(BQ26="",0,BQ26/CW26) -> 25.934879 | DM26: =IF(BR26="",0,BR26/CX26) -> 0 | DN26: =IF(BS26="",0,BS26/CY26) -> 39.300062 | DO26: =IF(BT26="",0,BT26/CZ26) -> 14.036386 | DP26: =IF(BU26="",0,BU26/DA26) -> 0 | DQ26: =IF(BV26="",0,BV26/DB26) -> 0 | ... DX26: =IF(CC26="",0,CC26/DI26) -> 9.1718261
A27: MC4R | B27: 10.7554/eLife.74101 | C27: =IF(VLOOKUP($A27,'B-Ligands'!$A:$G,5,FALSE)="","",VLOOKUP($A27,'B-Ligands'!$A:$G,5,FALSE)) -> Guide To Pharmacology | D27: =IF(VLOOKUP($A27,'B-Ligands'!$A:$G,6,FALSE)="","",VLOOKUP($A27,'B-Ligands'!$A:$G,6,FALSE)) -> 1320 | E27: =IF(VLOOKUP($A27,'B-Ligands'!$A:$G,7,FALSE)="","",VLOOKUP($A27,'B-Ligands'!$A:$G,7,FALSE)) -> Phys | F27: =IF(T27>0,1,"") -> 1 | G27: =IF(U27>0,1,"") -> 1 | H27: =IF(V27>0,1,"") -> 1 | I27: =IF(W27>0,1,"") -> 1 | J27: =COUNTIF(L27:O27,">0") -> 4 | K27: =SUBSTITUTE(INDEX(T$1:W$1,1,MATCH(MAX(T27:W27),T27:W27,0)),"-fam","") -> Gq/11 | L27: =IF(T27=0,0,_xlfn.RANK.EQ(T27,$T27:$W27,0)) -> 2 | M27: =IF(U27=0,0,_xlfn.RANK.EQ(U27,$T27:$W27,0)) -> 3 | N27: =IF(V27=0,0,_xlfn.RANK.EQ(V27,$T27:$W27,0)) -> 1 | O27: =IF(W27=0,0,_xlfn.RANK.EQ(W27,$T27:$W27,0)) -> 4 | P27: =T27/MAX($T27:$W27)*100 -> 98.545406 | Q27: =U27/MAX($T27:$W27)*100 -> 70.974696 | R27: =V27/MAX($T27:$W27)*100 -> 100 | S27: =W27/MAX($T27:$W27)*100 -> 58.703827 | T27: =AK27 -> 7.9415424 | U27: =MAX(AL27:AP27) -> 5.7196837 | V27: =MAX(AQ27:AT27) -> 8.0587647 | W27: =MAX(AU27:AV27) -> 4.7308033 | X27: =INDEX(AK$1:AV$1,1,MATCH(MAX(AK27:AV27),AK27:AV27,0)) -> G15 | Y27: =AK27/MAX($AK27:$AV27)*100 -> 98.545406 | Z27: =AL27/MAX($AK27:$AV27)*100 -> 0 | AA27: =AM27/MAX($AK27:$AV27)*100 -> 0 | AB27: =AN27/MAX($AK27:$AV27)*100 -> 0 | AC27: =AO27/MAX($AK27:$AV27)*100 -> 0 | AD27: =AP27/MAX($AK27:$AV27)*100 -> 70.974696 | AE27: =AQ27/MAX($AK27:$AV27)*100 -> 0 | AF27: =AR27/MAX($AK27:$AV27)*100 -> 0 | ... AJ27: =AV27/MAX($AK27:$AV27)*100 -> 58.703827 | AK27: {=_xlfn.IFS(AZ27=0,0,AZ27>0,(LOG(0.01*AZ27/10^-CD27)))} -> 7.9415424 | AL27: {=_xlfn.IFS(BA27=0,0,BA27>0,(LOG(0.01*BA27/10^-CE27)))} -> 0 | AM27: {=_xlfn.IFS(BB27=0,0,BB27>0,(LOG(0.01*BB27/10^-CF27)))} -> 0 | AN27: {=_xlfn.IFS(BC27=0,0,BC27>0,(LOG(0.01*BC27/10^-CG27)))} -> 0 | AO27: {=_xlfn.IFS(BD27=0,0,BD27>0,(LOG(0.01*BD27/10^-CH27)))} -> 0 | AP27: {=_xlfn.IFS(BE27=0,0,BE27>0,(LOG(0.01*BE27/10^-CI27)))} -> 5.7196837 | AQ27: {=_xlfn.IFS(BF27=0,0,BF27>0,(LOG(0.01*BF27/10^-CJ27)))} -> 0 | AR27: {=_xlfn.IFS(BG27=0,0,BG27>0,(LOG(0.01*BG27/10^-CK27)))} -> 0 | ... AY27: {=_xlfn.IFS(BN27=0,0,BN27>0,(LOG(0.01*BN27/10^-CR27)))} -> 5.8582502 | AZ27: =IF(BO27="",0,100*BO27/MAX(BO:BO)) -> 55.404164 | BA27: =IF(BP27="",0,100*BP27/MAX($BP:$BT)) -> 0 | BB27: =IF(BQ27="",0,100*BQ27/MAX($BP:$BT)) -> 0 | BC27: =IF(BR27="",0,100*BR27/MAX($BP:$BT)) -> 0 | BD27: =IF(BS27="",0,100*BS27/MAX($BP:$BT)) -> 0 | BE27: =IF(BT27="",0,100*BT27/MAX($BP:$BT)) -> 1.5124594 | BF27: =IF(BU27="",0,100*BU27/MAX($BU:$BX)) -> 0 | BG27: =IF(BV27="",0,100*BV27/MAX($BU:$BX)) -> 0 | BH27: =IF(BW27="",0,100*BW27/MAX($BU:$BX)) -> 0 | BI27: =IF(BX27="",0,100*BX27/MAX($BU:$BX)) -> 64.086223 | BJ27: =IF(BY27="",0,100*BY27/MAX($BY:$BZ)) -> 0 | BK27: =IF(BZ27="",0,100*BZ27/MAX($BY:$BZ)) -> 10.134523 | BL27: =IF(CA27="",0,100*CA27/MAX($CA:$CC)) -> 0 | BM27: =IF(CB27="",0,100*CB27/MAX($CA:$CC)) -> 1.529708 | BN27: =IF(CC27="",0,100*CC27/MAX($CA:$CC)) -> 2.5659617 | BO27: 36.19 | BT27: 13.96 | BX27: 683.8 | BZ27: 71.57 | CB27: 45.57 | CC27: 76.44 | CD27: 8.198 | CI27: 7.54 | CM27: 8.252 | CO27: 5.725 | CQ27: 7.032 | CR27: 7.449 | CS27: =IF(VLOOKUP($A27,'B-Ligands'!$A:$G,3,FALSE)="","",VLOOKUP($A27,'B-Ligands'!$A:$G,3,FALSE)) -> α-MSH | CT27: =IF(VLOOKUP($A27,'B-Ligands'!$A:$G,4,FALSE)="","",VLOOKUP($A27,'B-Ligands'!$A:$G,4,FALSE)) -> α-melanocyte stimulating hormone | CU27: 7.9724936 | CV27: 0.85022859 | CW27: 1.1796485 | CX27: 22.372794 | CY27: 14.980289 | CZ27: 8.9356497 | DA27: 7.354814 | DB27: 6.0977283 | DC27: 10.020317 | DD27: 8.9072781 | DE27: 5.5874275 | DF27: 7.9492343 | DG27: 7.7613119 | DH27: 1.81756 | DI27: 7.9179052 | DJ27: =IF(BO27="",0,BO27/CU27) -> 4.5393577 | DK27: =IF(BP27="",0,BP27/CV27) -> 0 | DL27: =IF(BQ27="",0,BQ27/CW27) -> 0 | DM27: =IF(BR27="",0,BR27/CX27) -> 0 | DN27: =IF(BS27="",0,BS27/CY27) -> 0 | DO27: =IF(BT27="",0,BT27/CZ27) -> 1.5622815 | DP27: =IF(BU27="",0,BU27/DA27) -> 0 | DQ27: =IF(BV27="",0,BV27/DB27) -> 0 | ... DX27: =IF(CC27="",0,CC27/DI27) -> 9.6540686
A28: 5HT2C | B28: 10.7554/eLife.74101 | C28: =IF(VLOOKUP($A28,'B-Ligands'!$A:$G,5,FALSE)="","",VLOOKUP($A28,'B-Ligands'!$A:$G,5,FALSE)) -> Guide To Pharmacology | D28: =IF(VLOOKUP($A28,'B-Ligands'!$A:$G,6,FALSE)="","",VLOOKUP($A28,'B-Ligands'!$A:$G,6,FALSE)) -> 5 | E28: =IF(VLOOKUP($A28,'B-Ligands'!$A:$G,7,FALSE)="","",VLOOKUP($A28,'B-Ligands'!$A:$G,7,FALSE)) -> Phys | F28: =IF(T28>0,1,"") | G28: =IF(U28>0,1,"") -> 1 | H28: =IF(V28>0,1,"") -> 1 | I28: =IF(W28>0,1,"") -> 1 | J28: =COUNTIF(L28:O28,">0") -> 3 | K28: =SUBSTITUTE(INDEX(T$1:W$1,1,MATCH(MAX(T28:W28),T28:W28,0)),"-fam","") -> Gi/o | L28: =IF(T28=0,0,_xlfn.RANK.EQ(T28,$T28:$W28,0)) -> 0 | M28: =IF(U28=0,0,_xlfn.RANK.EQ(U28,$T28:$W28,0)) -> 1 | N28: =IF(V28=0,0,_xlfn.RANK.EQ(V28,$T28:$W28,0)) -> 2 | O28: =IF(W28=0,0,_xlfn.RANK.EQ(W28,$T28:$W28,0)) -> 3 | P28: =T28/MAX($T28:$W28)*100 -> 0 | Q28: =U28/MAX($T28:$W28)*100 -> 100 | R28: =V28/MAX($T28:$W28)*100 -> 96.916014 | S28: =W28/MAX($T28:$W28)*100 -> 84.097851 | T28: =AK28 -> 0 | U28: =MAX(AL28:AP28) -> 8.686096 | V28: =MAX(AQ28:AT28) -> 8.4182181 | W28: =MAX(AU28:AV28) -> 7.3048201 | X28: =INDEX(AK$1:AV$1,1,MATCH(MAX(AK28:AV28),AK28:AV28,0)) -> Gz | Y28: =AK28/MAX($AK28:$AV28)*100 -> 0 | Z28: =AL28/MAX($AK28:$AV28)*100 -> 79.253376 | AA28: =AM28/MAX($AK28:$AV28)*100 -> 77.352767 | AB28: =AN28/MAX($AK28:$AV28)*100 -> 77.821782 | AC28: =AO28/MAX($AK28:$AV28)*100 -> 83.67544 | AD28: =AP28/MAX($AK28:$AV28)*100 -> 100 | AE28: =AQ28/MAX($AK28:$AV28)*100 -> 0 | AF28: =AR28/MAX($AK28:$AV28)*100 -> 0 | ... AJ28: =AV28/MAX($AK28:$AV28)*100 -> 83.984733 | AK28: {=_xlfn.IFS(AZ28=0,0,AZ28>0,(LOG(0.01*AZ28/10^-CD28)))} -> 0 | AL28: {=_xlfn.IFS(BA28=0,0,BA28>0,(LOG(0.01*BA28/10^-CE28)))} -> 6.8840244 | AM28: {=_xlfn.IFS(BB28=0,0,BB28>0,(LOG(0.01*BB28/10^-CF28)))} -> 6.7189357 | AN28: {=_xlfn.IFS(BC28=0,0,BC28>0,(LOG(0.01*BC28/10^-CG28)))} -> 6.7596747 | AO28: {=_xlfn.IFS(BD28=0,0,BD28>0,(LOG(0.01*BD28/10^-CH28)))} -> 7.2681291 | AP28: {=_xlfn.IFS(BE28=0,0,BE28>0,(LOG(0.01*BE28/10^-CI28)))} -> 8.686096 | AQ28: {=_xlfn.IFS(BF28=0,0,BF28>0,(LOG(0.01*BF28/10^-CJ28)))} -> 0 | AR28: {=_xlfn.IFS(BG28=0,0,BG28>0,(LOG(0.01*BG28/10^-CK28)))} -> 0 | ... AY28: {=_xlfn.IFS(BN28=0,0,BN28>0,(LOG(0.01*BN28/10^-CR28)))} -> 7.8301186 | AZ28: =IF(BO28="",0,100*BO28/MAX(BO:BO)) -> 0 | BA28: =IF(BP28="",0,100*BP28/MAX($BP:$BT)) -> 43.553629 | BB28: =IF(BQ28="",0,100*BQ28/MAX($BP:$BT)) -> 28.114843 | BC28: =IF(BR28="",0,100*BR28/MAX($BP:$BT)) -> 24.528711 | BD28: =IF(BS28="",0,100*BS28/MAX($BP:$BT)) -> 52.860238 | BE28: =IF(BT28="",0,100*BT28/MAX($BP:$BT)) -> 25.709642 | BF28: =IF(BU28="",0,100*BU28/MAX($BU:$BX)) -> 0 | BG28: =IF(BV28="",0,100*BV28/MAX($BU:$BX)) -> 0 | BH28: =IF(BW28="",0,100*BW28/MAX($BU:$BX)) -> 0 | BI28: =IF(BX28="",0,100*BX28/MAX($BU:$BX)) -> 62.118088 | BJ28: =IF(BY28="",0,100*BY28/MAX($BY:$BZ)) -> 14.41518 | BK28: =IF(BZ28="",0,100*BZ28/MAX($BY:$BZ)) -> 44.873973 | BL28: =IF(CA28="",0,100*CA28/MAX($CA:$CC)) -> 52.500839 | BM28: =IF(CB28="",0,100*CB28/MAX($CA:$CC)) -> 17.183619 | BN28: =IF(CC28="",0,100*CC28/MAX($CA:$CC)) -> 23.66566 | BP28: 402 | BQ28: 259.5 | BR28: 226.4 | BS28: 487.9 | BT28: 237.3 | BX28: 662.8 | BY28: 101.8 | BZ28: 316.9 | CA28: 1564 | CB28: 511.9 | CC28: 705 | CE28: 7.245 | CF28: 7.27 | CG28: 7.37 | CH28: 7.545 | CI28: 9.276 | CM28: 8.625 | CN28: 8.146 | CO28: 7.643 | CP28: 7.995 | CQ28: 8.145 | CR28: 8.456 | CS28: =IF(VLOOKUP($A28,'B-Ligands'!$A:$G,3,FALSE)="","",VLOOKUP($A28,'B-Ligands'!$A:$G,3,FALSE)) | CT28: =IF(VLOOKUP($A28,'B-Ligands'!$A:$G,4,FALSE)="","",VLOOKUP($A28,'B-Ligands'!$A:$G,4,FALSE)) -> Serotonin | CU28: 9.3378492 | CV28: 6.212158 | CW28: 10.590875 | CX28: 11.656968 | CY28: 11.357263 | CZ28: 7.84888 | DA28: 13.82346 | DB28: 10.997128 | DC28: 17.563205 | DD28: 13.249788 | DE28: 17.670853 | DF28: 8.5569425 | DG28: 22.392978 | DH28: 17.87144 | DI28: 29.561043 | DJ28: =IF(BO28="",0,BO28/CU28) -> 0 | DK28: =IF(BP28="",0,BP28/CV28) -> 64.711812 | DL28: =IF(BQ28="",0,BQ28/CW28) -> 24.502224 | DM28: =IF(BR28="",0,BR28/CX28) -> 19.42186 | DN28: =IF(BS28="",0,BS28/CY28) -> 42.959296 | DO28: =IF(BT28="",0,BT28/CZ28) -> 30.233613 | DP28: =IF(BU28="",0,BU28/DA28) -> 0 | DQ28: =IF(BV28="",0,BV28/DB28) -> 0 | ... DX28: =IF(CC28="",0,CC28/DI28) -> 23.848955
A29: GRM2 | B29: 10.7554/eLife.74101 | C29: =IF(VLOOKUP($A29,'B-Ligands'!$A:$G,5,FALSE)="","",VLOOKUP($A29,'B-Ligands'!$A:$G,5,FALSE)) -> Guide To Pharmacology | D29: =IF(VLOOKUP($A29,'B-Ligands'!$A:$G,6,FALSE)="","",VLOOKUP($A29,'B-Ligands'!$A:$G,6,FALSE)) -> 1369 | E29: =IF(VLOOKUP($A29,'B-Ligands'!$A:$G,7,FALSE)="","",VLOOKUP($A29,'B-Ligands'!$A:$G,7,FALSE)) -> Phys | F29: =IF(T29>0,1,"") | G29: =IF(U29>0,1,"") -> 1 | H29: =IF(V29>0,1,"") -> 1 | I29: =IF(W29>0,1,"") | J29: =COUNTIF(L29:O29,">0") -> 2 | K29: =SUBSTITUTE(INDEX(T$1:W$1,1,MATCH(MAX(T29:W29),T29:W29,0)),"-fam","") -> Gi/o | L29: =IF(T29=0,0,_xlfn.RANK.EQ(T29,$T29:$W29,0)) -> 0 | M29: =IF(U29=0,0,_xlfn.RANK.EQ(U29,$T29:$W29,0)) -> 1 | N29: =IF(V29=0,0,_xlfn.RANK.EQ(V29,$T29:$W29,0)) -> 2 | O29: =IF(W29=0,0,_xlfn.RANK.EQ(W29,$T29:$W29,0)) -> 0 | P29: =T29/MAX($T29:$W29)*100 -> 0 | Q29: =U29/MAX($T29:$W29)*100 -> 100 | R29: =V29/MAX($T29:$W29)*100 -> 94.218561 | S29: =W29/MAX($T29:$W29)*100 -> 0 | T29: =AK29 -> 0 | U29: =MAX(AL29:AP29) -> 5.0689087 | V29: =MAX(AQ29:AT29) -> 4.7758528 | W29: =MAX(AU29:AV29) -> 0 | X29: =INDEX(AK$1:AV$1,1,MATCH(MAX(AK29:AV29),AK29:AV29,0)) -> Gi1 | Y29: =AK29/MAX($AK29:$AV29)*100 -> 0 | Z29: =AL29/MAX($AK29:$AV29)*100 -> 100 | AA29: =AM29/MAX($AK29:$AV29)*100 -> 90.588091 | AB29: =AN29/MAX($AK29:$AV29)*100 -> 97.998212 | AC29: =AO29/MAX($AK29:$AV29)*100 -> 99.480499 | AD29: =AP29/MAX($AK29:$AV29)*100 -> 84.087914 | AE29: =AQ29/MAX($AK29:$AV29)*100 -> 0 | AF29: =AR29/MAX($AK29:$AV29)*100 -> 0 | ... AJ29: =AV29/MAX($AK29:$AV29)*100 -> 0 | AK29: {=_xlfn.IFS(AZ29=0,0,AZ29>0,(LOG(0.01*AZ29/10^-CD29)))} -> 0 | AL29: {=_xlfn.IFS(BA29=0,0,BA29>0,(LOG(0.01*BA29/10^-CE29)))} -> 5.0689087 | AM29: {=_xlfn.IFS(BB29=0,0,BB29>0,(LOG(0.01*BB29/10^-CF29)))} -> 4.5918276 | AN29: {=_xlfn.IFS(BC29=0,0,BC29>0,(LOG(0.01*BC29/10^-CG29)))} -> 4.9674399 | AO29: {=_xlfn.IFS(BD29=0,0,BD29>0,(LOG(0.01*BD29/10^-CH29)))} -> 5.0425756 | AP29: {=_xlfn.IFS(BE29=0,0,BE29>0,(LOG(0.01*BE29/10^-CI29)))} -> 4.2623396 | AQ29: {=_xlfn.IFS(BF29=0,0,BF29>0,(LOG(0.01*BF29/10^-CJ29)))} -> 0 | AR29: {=_xlfn.IFS(BG29=0,0,BG29>0,(LOG(0.01*BG29/10^-CK29)))} -> 0 | ... AY29: {=_xlfn.IFS(BN29=0,0,BN29>0,(LOG(0.01*BN29/10^-CR29)))} -> 0 | AZ29: =IF(BO29="",0,100*BO29/MAX(BO:BO)) -> 0 | BA29: =IF(BP29="",0,100*BP29/MAX($BP:$BT)) -> 45.384615 | BB29: =IF(BQ29="",0,100*BQ29/MAX($BP:$BT)) -> 17.172264 | BC29: =IF(BR29="",0,100*BR29/MAX($BP:$BT)) -> 10.056338 | BD29: =IF(BS29="",0,100*BS29/MAX($BP:$BT)) -> 9.0693391 | BE29: =IF(BT29="",0,100*BT29/MAX($BP:$BT)) -> 5.7854821 | BF29: =IF(BU29="",0,100*BU29/MAX($BU:$BX)) -> 0 | BG29: =IF(BV29="",0,100*BV29/MAX($BU:$BX)) -> 0 | BH29: =IF(BW29="",0,100*BW29/MAX($BU:$BX)) -> 0 | BI29: =IF(BX29="",0,100*BX29/MAX($BU:$BX)) -> 61.780694 | BJ29: =IF(BY29="",0,100*BY29/MAX($BY:$BZ)) -> 0 | BK29: =IF(BZ29="",0,100*BZ29/MAX($BY:$BZ)) -> 0 | BL29: =IF(CA29="",0,100*CA29/MAX($CA:$CC)) -> 0 | BM29: =IF(CB29="",0,100*CB29/MAX($CA:$CC)) -> 0 | BN29: =IF(CC29="",0,100*CC29/MAX($CA:$CC)) -> 0 | BP29: 418.9 | BQ29: 158.5 | BR29: 92.82 | BS29: 83.71 | BT29: 53.4 | BX29: 659.2 | CE29: 5.412 | CF29: 5.357 | CG29: 5.965 | CH29: 6.085 | CI29: 5.5 | CM29: 4.985 | CS29: =IF(VLOOKUP($A29,'B-Ligands'!$A:$G,3,FALSE)="","",VLOOKUP($A29,'B-Ligands'!$A:$G,3,FALSE)) | CT29: =IF(VLOOKUP($A29,'B-Ligands'!$A:$G,4,FALSE)="","",VLOOKUP($A29,'B-Ligands'!$A:$G,4,FALSE)) -> Glutamate | CU29: 24.155538 | CV29: 6.2754378 | CW29: 17.59816 | CX29: 19.446511 | CY29: 11.838328 | CZ29: 7.1409262 | DA29: 12.736701 | DB29: 7.4806704 | DC29: 19.694014 | DD29: 5.7856143 | DE29: 27.21199 | DF29: 7.3893238 | DG29: 24.029032 | DH29: 18.996038 | DI29: 5.1582148 | DJ29: =IF(BO29="",0,BO29/CU29) -> 0 | DK29: =IF(BP29="",0,BP29/CV29) -> 66.752315 | DL29: =IF(BQ29="",0,BQ29/CW29) -> 9.0066235 | DM29: =IF(BR29="",0,BR29/CX29) -> 4.7730926 | DN29: =IF(BS29="",0,BS29/CY29) -> 7.0710998 | DO29: =IF(BT29="",0,BT29/CZ29) -> 7.4780216 | DP29: =IF(BU29="",0,BU29/DA29) -> 0 | DQ29: =IF(BV29="",0,BV29/DB29) -> 0 | ... DX29: =IF(CC29="",0,CC29/DI29) -> 0
A30: CALCR | B30: 10.7554/eLife.74101 | C30: =IF(VLOOKUP($A30,'B-Ligands'!$A:$G,5,FALSE)="","",VLOOKUP($A30,'B-Ligands'!$A:$G,5,FALSE)) -> Guide To Pharmacology | D30: =IF(VLOOKUP($A30,'B-Ligands'!$A:$G,6,FALSE)="","",VLOOKUP($A30,'B-Ligands'!$A:$G,6,FALSE)) -> 685 | E30: =IF(VLOOKUP($A30,'B-Ligands'!$A:$G,7,FALSE)="","",VLOOKUP($A30,'B-Ligands'!$A:$G,7,FALSE)) -> Phys | F30: =IF(T30>0,1,"") -> 1 | G30: =IF(U30>0,1,"") -> 1 | H30: =IF(V30>0,1,"") -> 1 | I30: =IF(W30>0,1,"") -> 1 | J30: =COUNTIF(L30:O30,">0") -> 4 | K30: =SUBSTITUTE(INDEX(T$1:W$1,1,MATCH(MAX(T30:W30),T30:W30,0)),"-fam","") -> Gs | L30: =IF(T30=0,0,_xlfn.RANK.EQ(T30,$T30:$W30,0)) -> 1 | M30: =IF(U30=0,0,_xlfn.RANK.EQ(U30,$T30:$W30,0)) -> 4 | N30: =IF(V30=0,0,_xlfn.RANK.EQ(V30,$T30:$W30,0)) -> 2 | O30: =IF(W30=0,0,_xlfn.RANK.EQ(W30,$T30:$W30,0)) -> 3 | P30: =T30/MAX($T30:$W30)*100 -> 100 | Q30: =U30/MAX($T30:$W30)*100 -> 74.398229 | R30: =V30/MAX($T30:$W30)*100 -> 88.637714 | S30: =W30/MAX($T30:$W30)*100 -> 82.255955 | T30: =AK30 -> 11.717379 | U30: =MAX(AL30:AP30) -> 8.7175222 | V30: =MAX(AQ30:AT30) -> 10.386017 | W30: =MAX(AU30:AV30) -> 9.6382418 | X30: =INDEX(AK$1:AV$1,1,MATCH(MAX(AK30:AV30),AK30:AV30,0)) -> GsL | Y30: =AK30/MAX($AK30:$AV30)*100 -> 100 | Z30: =AL30/MAX($AK30:$AV30)*100 -> 68.339165 | AA30: =AM30/MAX($AK30:$AV30)*100 -> 68.115503 | AB30: =AN30/MAX($AK30:$AV30)*100 -> 68.064633 | AC30: =AO30/MAX($AK30:$AV30)*100 -> 74.398229 | AD30: =AP30/MAX($AK30:$AV30)*100 -> 62.950476 | AE30: =AQ30/MAX($AK30:$AV30)*100 -> 67.653245 | AF30: =AR30/MAX($AK30:$AV30)*100 -> 62.355613 | ... AJ30: =AV30/MAX($AK30:$AV30)*100 -> 82.255955 | AK30: {=_xlfn.IFS(AZ30=0,0,AZ30>0,(LOG(0.01*AZ30/10^-CD30)))} -> 11.717379 | AL30: {=_xlfn.IFS(BA30=0,0,BA30>0,(LOG(0.01*BA30/10^-CE30)))} -> 8.0075588 | AM30: {=_xlfn.IFS(BB30=0,0,BB30>0,(LOG(0.01*BB30/10^-CF30)))} -> 7.9813514 | AN30: {=_xlfn.IFS(BC30=0,0,BC30>0,(LOG(0.01*BC30/10^-CG30)))} -> 7.9753907 | AO30: {=_xlfn.IFS(BD30=0,0,BD30>0,(LOG(0.01*BD30/10^-CH30)))} -> 8.7175222 | AP30: {=_xlfn.IFS(BE30=0,0,BE30>0,(LOG(0.01*BE30/10^-CI30)))} -> 7.3761456 | AQ30: {=_xlfn.IFS(BF30=0,0,BF30>0,(LOG(0.01*BF30/10^-CJ30)))} -> 7.927187 | AR30: {=_xlfn.IFS(BG30=0,0,BG30>0,(LOG(0.01*BG30/10^-CK30)))} -> 7.3064433 | ... AY30: {=_xlfn.IFS(BN30=0,0,BN30>0,(LOG(0.01*BN30/10^-CR30)))} -> 7.0175516 | AZ30: =IF(BO30="",0,100*BO30/MAX(BO:BO)) -> 54.623393 | BA30: =IF(BP30="",0,100*BP30/MAX($BP:$BT)) -> 45.24377 | BB30: =IF(BQ30="",0,100*BQ30/MAX($BP:$BT)) -> 30.71506 | BC30: =IF(BR30="",0,100*BR30/MAX($BP:$BT)) -> 27.063922 | BD30: =IF(BS30="",0,100*BS30/MAX($BP:$BT)) -> 45.763814 | BE30: =IF(BT30="",0,100*BT30/MAX($BP:$BT)) -> 13.066089 | BF30: =IF(BU30="",0,100*BU30/MAX($BU:$BX)) -> 18.931584 | BG30: =IF(BV30="",0,100*BV30/MAX($BU:$BX)) -> 12.258669 | BH30: =IF(BW30="",0,100*BW30/MAX($BU:$BX)) -> 24.404873 | BI30: =IF(BX30="",0,100*BX30/MAX($BU:$BX)) -> 61.096532 | BJ30: =IF(BY30="",0,100*BY30/MAX($BY:$BZ)) -> 7.4624752 | BK30: =IF(BZ30="",0,100*BZ30/MAX($BY:$BZ)) -> 32.979326 | BL30: =IF(CA30="",0,100*CA30/MAX($CA:$CC)) -> 1.6696878 | BM30: =IF(CB30="",0,100*CB30/MAX($CA:$CC)) -> 3.3360188 | BN30: =IF(CC30="",0,100*CC30/MAX($CA:$CC)) -> 6.4350453 | BO30: 35.68 | BP30: 417.6 | BQ30: 283.5 | BR30: 249.8 | BS30: 422.4 | BT30: 120.6 | BU30: 202 | BV30: 130.8 | BW30: 260.4 | BX30: 651.9 | BY30: 52.7 | BZ30: 232.9 | CA30: 49.74 | CB30: 99.38 | CC30: 191.7 | CD30: 11.98 | CE30: 8.352 | CF30: 8.494 | CG30: 8.543 | CH30: 9.057 | CI30: 8.26 | CJ30: 8.65 | CK30: 8.218 | CL30: 8.428 | CM30: 10.6 | CN30: 9.605 | CO30: 10.12 | CP30: 8.277 | CQ30: 8.169 | CR30: 8.209 | CS30: =IF(VLOOKUP($A30,'B-Ligands'!$A:$G,3,FALSE)="","",VLOOKUP($A30,'B-Ligands'!$A:$G,3,FALSE)) | CT30: =IF(VLOOKUP($A30,'B-Ligands'!$A:$G,4,FALSE)="","",VLOOKUP($A30,'B-Ligands'!$A:$G,4,FALSE)) -> Calcitonin | CU30: 15.879964 | CV30: 0.92031251 | CW30: 2.2389414 | CX30: 5.8421178 | CY30: 3.1462823 | CZ30: 9.2112453 | DA30: 14.008654 | DB30: 13.138582 | DC30: 14.660352 | DD30: 11.518458 | DE30: 17.888363 | DF30: 7.9748674 | DG30: 3.2324881 | DH30: 10.431079 | DI30: 10.488187 | DJ30: =IF(BO30="",0,BO30/CU30) -> 2.2468564 | DK30: =IF(BP30="",0,BP30/CV30) -> 453.75891 | DL30: =IF(BQ30="",0,BQ30/CW30) -> 126.62234 | DM30: =IF(BR30="",0,BR30/CX30) -> 42.758467 | DN30: =IF(BS30="",0,BS30/CY30) -> 134.25369 | DO30: =IF(BT30="",0,BT30/CZ30) -> 13.092692 | DP30: =IF(BU30="",0,BU30/DA30) -> 14.419658 | DQ30: =IF(BV30="",0,BV30/DB30) -> 9.9554123 | ... DX30: =IF(CC30="",0,CC30/DI30) -> 18.277707
A31: DRD1 | B31: 10.7554/eLife.74101 | C31: =IF(VLOOKUP($A31,'B-Ligands'!$A:$G,5,FALSE)="","",VLOOKUP($A31,'B-Ligands'!$A:$G,5,FALSE)) -> Guide To Pharmacology | D31: =IF(VLOOKUP($A31,'B-Ligands'!$A:$G,6,FALSE)="","",VLOOKUP($A31,'B-Ligands'!$A:$G,6,FALSE)) -> 940 | E31: =IF(VLOOKUP($A31,'B-Ligands'!$A:$G,7,FALSE)="","",VLOOKUP($A31,'B-Ligands'!$A:$G,7,FALSE)) -> Phys | F31: =IF(T31>0,1,"") -> 1 | G31: =IF(U31>0,1,"") -> 1 | H31: =IF(V31>0,1,"") -> 1 | I31: =IF(W31>0,1,"") | J31: =COUNTIF(L31:O31,">0") -> 3 | K31: =SUBSTITUTE(INDEX(T$1:W$1,1,MATCH(MAX(T31:W31),T31:W31,0)),"-fam","") -> Gs | L31: =IF(T31=0,0,_xlfn.RANK.EQ(T31,$T31:$W31,0)) -> 1 | M31: =IF(U31=0,0,_xlfn.RANK.EQ(U31,$T31:$W31,0)) -> 3 | N31: =IF(V31=0,0,_xlfn.RANK.EQ(V31,$T31:$W31,0)) -> 2 | O31: =IF(W31=0,0,_xlfn.RANK.EQ(W31,$T31:$W31,0)) -> 0 | P31: =T31/MAX($T31:$W31)*100 -> 100 | Q31: =U31/MAX($T31:$W31)*100 -> 61.051767 | R31: =V31/MAX($T31:$W31)*100 -> 86.243504 | S31: =W31/MAX($T31:$W31)*100 -> 0 | T31: =AK31 -> 8.6235471 | U31: =MAX(AL31:AP31) -> 5.2648279 | V31: =MAX(AQ31:AT31) -> 7.4372491 | W31: =MAX(AU31:AV31) -> 0 | X31: =INDEX(AK$1:AV$1,1,MATCH(MAX(AK31:AV31),AK31:AV31,0)) -> GsL | Y31: =AK31/MAX($AK31:$AV31)*100 -> 100 | Z31: =AL31/MAX($AK31:$AV31)*100 -> 0 | AA31: =AM31/MAX($AK31:$AV31)*100 -> 0 | AB31: =AN31/MAX($AK31:$AV31)*100 -> 0 | AC31: =AO31/MAX($AK31:$AV31)*100 -> 56.047849 | AD31: =AP31/MAX($AK31:$AV31)*100 -> 61.051767 | AE31: =AQ31/MAX($AK31:$AV31)*100 -> 0 | AF31: =AR31/MAX($AK31:$AV31)*100 -> 0 | ... AJ31: =AV31/MAX($AK31:$AV31)*100 -> 0 | AK31: {=_xlfn.IFS(AZ31=0,0,AZ31>0,(LOG(0.01*AZ31/10^-CD31)))} -> 8.6235471 | AL31: {=_xlfn.IFS(BA31=0,0,BA31>0,(LOG(0.01*BA31/10^-CE31)))} -> 0 | AM31: {=_xlfn.IFS(BB31=0,0,BB31>0,(LOG(0.01*BB31/10^-CF31)))} -> 0 | AN31: {=_xlfn.IFS(BC31=0,0,BC31>0,(LOG(0.01*BC31/10^-CG31)))} -> 0 | AO31: {=_xlfn.IFS(BD31=0,0,BD31>0,(LOG(0.01*BD31/10^-CH31)))} -> 4.8333126 | AP31: {=_xlfn.IFS(BE31=0,0,BE31>0,(LOG(0.01*BE31/10^-CI31)))} -> 5.2648279 | AQ31: {=_xlfn.IFS(BF31=0,0,BF31>0,(LOG(0.01*BF31/10^-CJ31)))} -> 0 | AR31: {=_xlfn.IFS(BG31=0,0,BG31>0,(LOG(0.01*BG31/10^-CK31)))} -> 0 | ... AY31: {=_xlfn.IFS(BN31=0,0,BN31>0,(LOG(0.01*BN31/10^-CR31)))} -> 4.9993285 | AZ31: =IF(BO31="",0,100*BO31/MAX(BO:BO)) -> 65.094917 | BA31: =IF(BP31="",0,100*BP31/MAX($BP:$BT)) -> 0 | BB31: =IF(BQ31="",0,100*BQ31/MAX($BP:$BT)) -> 0 | BC31: =IF(BR31="",0,100*BR31/MAX($BP:$BT)) -> 0 | BD31: =IF(BS31="",0,100*BS31/MAX($BP:$BT)) -> 16.95558 | BE31: =IF(BT31="",0,100*BT31/MAX($BP:$BT)) -> 19.00325 | BF31: =IF(BU31="",0,100*BU31/MAX($BU:$BX)) -> 0 | BG31: =IF(BV31="",0,100*BV31/MAX($BU:$BX)) -> 0 | BH31: =IF(BW31="",0,100*BW31/MAX($BU:$BX)) -> 0 | BI31: =IF(BX31="",0,100*BX31/MAX($BU:$BX)) -> 60.290534 | BJ31: =IF(BY31="",0,100*BY31/MAX($BY:$BZ)) -> 0 | BK31: =IF(BZ31="",0,100*BZ31/MAX($BY:$BZ)) -> 0 | BL31: =IF(CA31="",0,100*CA31/MAX($CA:$CC)) -> 14.679423 | BM31: =IF(CB31="",0,100*CB31/MAX($CA:$CC)) -> 19.050017 | BN31: =IF(CC31="",0,100*CC31/MAX($CA:$CC)) -> 23.084928 | BO31: 42.52 | BS31: 156.5 | BT31: 175.4 | BX31: 643.3 | CA31: 437.3 | CB31: 567.5 | CC31: 687.7 | CD31: 8.81 | CH31: 5.604 | CI31: 5.986 | CM31: 7.657 | CP31: 5.563 | CQ31: 5.293 | CR31: 5.636 | CS31: =IF(VLOOKUP($A31,'B-Ligands'!$A:$G,3,FALSE)="","",VLOOKUP($A31,'B-Ligands'!$A:$G,3,FALSE)) | CT31: =IF(VLOOKUP($A31,'B-Ligands'!$A:$G,4,FALSE)="","",VLOOKUP($A31,'B-Ligands'!$A:$G,4,FALSE)) -> Dopamine | CU31: 13.398107 | CV31: 15.466995 | CW31: 18.171585 | CX31: 21.509928 | CY31: 20.428785 | CZ31: 20.227436 | DA31: 13.338555 | DB31: 10.375951 | DC31: 12.710087 | DD31: 12.157988 | DE31: 14.386814 | DF31: 21.134471 | DG31: 11.8559 | DH31: 19.718894 | DI31: 8.1767933 | DJ31: =IF(BO31="",0,BO31/CU31) -> 3.1735826 | DK31: =IF(BP31="",0,BP31/CV31) -> 0 | DL31: =IF(BQ31="",0,BQ31/CW31) -> 0 | DM31: =IF(BR31="",0,BR31/CX31) -> 0 | DN31: =IF(BS31="",0,BS31/CY31) -> 7.6607591 | DO31: =IF(BT31="",0,BT31/CZ31) -> 8.6713907 | DP31: =IF(BU31="",0,BU31/DA31) -> 0 | DQ31: =IF(BV31="",0,BV31/DB31) -> 0 | ... DX31: =IF(CC31="",0,CC31/DI31) -> 84.103875
A32: SSR2 | B32: 10.7554/eLife.74101 | C32: =IF(VLOOKUP($A32,'B-Ligands'!$A:$G,5,FALSE)="","",VLOOKUP($A32,'B-Ligands'!$A:$G,5,FALSE)) -> Guide To Pharmacology | D32: =IF(VLOOKUP($A32,'B-Ligands'!$A:$G,6,FALSE)="","",VLOOKUP($A32,'B-Ligands'!$A:$G,6,FALSE)) -> 2019 | E32: =IF(VLOOKUP($A32,'B-Ligands'!$A:$G,7,FALSE)="","",VLOOKUP($A32,'B-Ligands'!$A:$G,7,FALSE)) -> Phys | F32: =IF(T32>0,1,"") | G32: =IF(U32>0,1,"") -> 1 | H32: =IF(V32>0,1,"") -> 1 | I32: =IF(W32>0,1,"") -> 1 | J32: =COUNTIF(L32:O32,">0") -> 3 | K32: =SUBSTITUTE(INDEX(T$1:W$1,1,MATCH(MAX(T32:W32),T32:W32,0)),"-fam","") -> Gi/o | L32: =IF(T32=0,0,_xlfn.RANK.EQ(T32,$T32:$W32,0)) -> 0 | M32: =IF(U32=0,0,_xlfn.RANK.EQ(U32,$T32:$W32,0)) -> 1 | N32: =IF(V32=0,0,_xlfn.RANK.EQ(V32,$T32:$W32,0)) -> 2 | O32: =IF(W32=0,0,_xlfn.RANK.EQ(W32,$T32:$W32,0)) -> 3 | P32: =T32/MAX($T32:$W32)*100 -> 0 | Q32: =U32/MAX($T32:$W32)*100 -> 100 | R32: =V32/MAX($T32:$W32)*100 -> 74.572887 | S32: =W32/MAX($T32:$W32)*100 -> 66.56482 | T32: =AK32 -> 0 | U32: =MAX(AL32:AP32) -> 10.663085 | V32: =MAX(AQ32:AT32) -> 7.9517704 | W32: =MAX(AU32:AV32) -> 7.0978635 | X32: =INDEX(AK$1:AV$1,1,MATCH(MAX(AK32:AV32),AK32:AV32,0)) -> Gz | Y32: =AK32/MAX($AK32:$AV32)*100 -> 0 | Z32: =AL32/MAX($AK32:$AV32)*100 -> 95.557056 | AA32: =AM32/MAX($AK32:$AV32)*100 -> 93.345054 | AB32: =AN32/MAX($AK32:$AV32)*100 -> 89.649038 | AC32: =AO32/MAX($AK32:$AV32)*100 -> 95.726811 | AD32: =AP32/MAX($AK32:$AV32)*100 -> 100 | AE32: =AQ32/MAX($AK32:$AV32)*100 -> 61.790515 | AF32: =AR32/MAX($AK32:$AV32)*100 -> 0 | ... AJ32: =AV32/MAX($AK32:$AV32)*100 -> 0 | AK32: {=_xlfn.IFS(AZ32=0,0,AZ32>0,(LOG(0.01*AZ32/10^-CD32)))} -> 0 | AL32: {=_xlfn.IFS(BA32=0,0,BA32>0,(LOG(0.01*BA32/10^-CE32)))} -> 10.18933 | AM32: {=_xlfn.IFS(BB32=0,0,BB32>0,(LOG(0.01*BB32/10^-CF32)))} -> 9.9534627 | AN32: {=_xlfn.IFS(BC32=0,0,BC32>0,(LOG(0.01*BC32/10^-CG32)))} -> 9.5593533 | AO32: {=_xlfn.IFS(BD32=0,0,BD32>0,(LOG(0.01*BD32/10^-CH32)))} -> 10.207431 | AP32: {=_xlfn.IFS(BE32=0,0,BE32>0,(LOG(0.01*BE32/10^-CI32)))} -> 10.663085 | AQ32: {=_xlfn.IFS(BF32=0,0,BF32>0,(LOG(0.01*BF32/10^-CJ32)))} -> 6.5887752 | AR32: {=_xlfn.IFS(BG32=0,0,BG32>0,(LOG(0.01*BG32/10^-CK32)))} -> 0 | ... AY32: {=_xlfn.IFS(BN32=0,0,BN32>0,(LOG(0.01*BN32/10^-CR32)))} -> 8.7040009 | AZ32: =IF(BO32="",0,100*BO32/MAX(BO:BO)) -> 0 | BA32: =IF(BP32="",0,100*BP32/MAX($BP:$BT)) -> 95.352113 | BB32: =IF(BQ32="",0,100*BQ32/MAX($BP:$BT)) -> 34.951246 | BC32: =IF(BR32="",0,100*BR32/MAX($BP:$BT)) -> 28.7974 | BD32: =IF(BS32="",0,100*BS32/MAX($BP:$BT)) -> 48.689057 | BE32: =IF(BT32="",0,100*BT32/MAX($BP:$BT)) -> 25.297941 | BF32: =IF(BU32="",0,100*BU32/MAX($BU:$BX)) -> 12.268041 | BG32: =IF(BV32="",0,100*BV32/MAX($BU:$BX)) -> 0 | BH32: =IF(BW32="",0,100*BW32/MAX($BU:$BX)) -> 45.576382 | BI32: =IF(BX32="",0,100*BX32/MAX($BU:$BX)) -> 59.671978 | BJ32: =IF(BY32="",0,100*BY32/MAX($BY:$BZ)) -> 6.7742849 | BK32: =IF(BZ32="",0,100*BZ32/MAX($BY:$BZ)) -> 0 | BL32: =IF(CA32="",0,100*CA32/MAX($CA:$CC)) -> 96.240349 | BM32: =IF(CB32="",0,100*CB32/MAX($CA:$CC)) -> 48.036254 | BN32: =IF(CC32="",0,100*CC32/MAX($CA:$CC)) -> 61.094327 | BP32: 880.1 | BQ32: 322.6 | BR32: 265.8 | BS32: 449.4 | BT32: 233.5 | BU32: 130.9 | BW32: 486.3 | BX32: 636.7 | BY32: 47.84 | CA32: 2867 | CB32: 1431 | CC32: 1820 | CE32: 10.21 | CF32: 10.41 | CG32: 10.1 | CH32: 10.52 | CI32: 11.26 | CJ32: 7.5 | CL32: 7.833 | CM32: 8.176 | CN32: 8.267 | CP32: 8.815 | CQ32: 8.445 | CR32: 8.918 | CS32: =IF(VLOOKUP($A32,'B-Ligands'!$A:$G,3,FALSE)="","",VLOOKUP($A32,'B-Ligands'!$A:$G,3,FALSE)) | CT32: =IF(VLOOKUP($A32,'B-Ligands'!$A:$G,4,FALSE)="","",VLOOKUP($A32,'B-Ligands'!$A:$G,4,FALSE)) -> Somatostatin-14 | CU32: 7.8726377 | CV32: 10.095306 | CW32: 7.7833436 | CX32: 5.5484818 | CY32: 6.3299077 | CZ32: 6.9406643 | DA32: 9.2582771 | DB32: 8.7449808 | DC32: 4.2377839 | DD32: 5.1298995 | DE32: 13.520365 | DF32: 24.757775 | DG32: 2.4986105 | DH32: 7.3128553 | DI32: 16.149482 | DJ32: =IF(BO32="",0,BO32/CU32) -> 0 | DK32: =IF(BP32="",0,BP32/CV32) -> 87.179134 | DL32: =IF(BQ32="",0,BQ32/CW32) -> 41.447483 | DM32: =IF(BR32="",0,BR32/CX32) -> 47.904996 | DN32: =IF(BS32="",0,BS32/CY32) -> 70.996296 | DO32: =IF(BT32="",0,BT32/CZ32) -> 33.642313 | DP32: =IF(BU32="",0,BU32/DA32) -> 14.1387 | DQ32: =IF(BV32="",0,BV32/DB32) -> 0 | ... DX32: =IF(CC32="",0,CC32/DI32) -> 112.69711
A33: PTH1R | B33: 10.7554/eLife.74101 | C33: =IF(VLOOKUP($A33,'B-Ligands'!$A:$G,5,FALSE)="","",VLOOKUP($A33,'B-Ligands'!$A:$G,5,FALSE)) -> Guide To Pharmacology | D33: =IF(VLOOKUP($A33,'B-Ligands'!$A:$G,6,FALSE)="","",VLOOKUP($A33,'B-Ligands'!$A:$G,6,FALSE)) -> 4448 | E33: =IF(VLOOKUP($A33,'B-Ligands'!$A:$G,7,FALSE)="","",VLOOKUP($A33,'B-Ligands'!$A:$G,7,FALSE)) -> Phys | F33: =IF(T33>0,1,"") -> 1 | G33: =IF(U33>0,1,"") -> 1 | H33: =IF(V33>0,1,"") -> 1 | I33: =IF(W33>0,1,"") -> 1 | J33: =COUNTIF(L33:O33,">0") -> 4 | K33: =SUBSTITUTE(INDEX(T$1:W$1,1,MATCH(MAX(T33:W33),T33:W33,0)),"-fam","") -> Gs | L33: =IF(T33=0,0,_xlfn.RANK.EQ(T33,$T33:$W33,0)) -> 1 | M33: =IF(U33=0,0,_xlfn.RANK.EQ(U33,$T33:$W33,0)) -> 3 | N33: =IF(V33=0,0,_xlfn.RANK.EQ(V33,$T33:$W33,0)) -> 2 | O33: =IF(W33=0,0,_xlfn.RANK.EQ(W33,$T33:$W33,0)) -> 4 | P33: =T33/MAX($T33:$W33)*100 -> 100 | Q33: =U33/MAX($T33:$W33)*100 -> 71.150619 | R33: =V33/MAX($T33:$W33)*100 -> 82.476292 | S33: =W33/MAX($T33:$W33)*100 -> 67.518545 | T33: =AK33 -> 10.959346 | U33: =MAX(AL33:AP33) -> 7.7976428 | V33: =MAX(AQ33:AT33) -> 9.0388625 | W33: =MAX(AU33:AV33) -> 7.3995912 | X33: =INDEX(AK$1:AV$1,1,MATCH(MAX(AK33:AV33),AK33:AV33,0)) -> GsL | Y33: =AK33/MAX($AK33:$AV33)*100 -> 100 | Z33: =AL33/MAX($AK33:$AV33)*100 -> 69.459823 | AA33: =AM33/MAX($AK33:$AV33)*100 -> 65.819193 | AB33: =AN33/MAX($AK33:$AV33)*100 -> 67.21411 | AC33: =AO33/MAX($AK33:$AV33)*100 -> 71.150619 | AD33: =AP33/MAX($AK33:$AV33)*100 -> 57.317588 | AE33: =AQ33/MAX($AK33:$AV33)*100 -> 70.769881 | AF33: =AR33/MAX($AK33:$AV33)*100 -> 64.748694 | ... AJ33: =AV33/MAX($AK33:$AV33)*100 -> 67.518545 | AK33: {=_xlfn.IFS(AZ33=0,0,AZ33>0,(LOG(0.01*AZ33/10^-CD33)))} -> 10.959346 | AL33: {=_xlfn.IFS(BA33=0,0,BA33>0,(LOG(0.01*BA33/10^-CE33)))} -> 7.6123426 | AM33: {=_xlfn.IFS(BB33=0,0,BB33>0,(LOG(0.01*BB33/10^-CF33)))} -> 7.2133534 | AN33: {=_xlfn.IFS(BC33=0,0,BC33>0,(LOG(0.01*BC33/10^-CG33)))} -> 7.3662271 | AO33: {=_xlfn.IFS(BD33=0,0,BD33>0,(LOG(0.01*BD33/10^-CH33)))} -> 7.7976428 | AP33: {=_xlfn.IFS(BE33=0,0,BE33>0,(LOG(0.01*BE33/10^-CI33)))} -> 6.281633 | AQ33: {=_xlfn.IFS(BF33=0,0,BF33>0,(LOG(0.01*BF33/10^-CJ33)))} -> 7.7559164 | AR33: {=_xlfn.IFS(BG33=0,0,BG33>0,(LOG(0.01*BG33/10^-CK33)))} -> 7.0960337 | ... AY33: {=_xlfn.IFS(BN33=0,0,BN33>0,(LOG(0.01*BN33/10^-CR33)))} -> 8.4809588 | AZ33: =IF(BO33="",0,100*BO33/MAX(BO:BO)) -> 60.16534 | BA33: =IF(BP33="",0,100*BP33/MAX($BP:$BT)) -> 33.911159 | BB33: =IF(BQ33="",0,100*BQ33/MAX($BP:$BT)) -> 16.045504 | BC33: =IF(BR33="",0,100*BR33/MAX($BP:$BT)) -> 14.528711 | BD33: =IF(BS33="",0,100*BS33/MAX($BP:$BT)) -> 32.55688 | BE33: =IF(BT33="",0,100*BT33/MAX($BP:$BT)) -> 15.297941 | BF33: =IF(BU33="",0,100*BU33/MAX($BU:$BX)) -> 30.402999 | BG33: =IF(BV33="",0,100*BV33/MAX($BU:$BX)) -> 12.446111 | BH33: =IF(BW33="",0,100*BW33/MAX($BU:$BX)) -> 9.7469541 | BI33: =IF(BX33="",0,100*BX33/MAX($BU:$BX)) -> 57.525773 | BJ33: =IF(BY33="",0,100*BY33/MAX($BY:$BZ)) -> 8.0260549 | BK33: =IF(BZ33="",0,100*BZ33/MAX($BY:$BZ)) -> 50.651374 | BL33: =IF(CA33="",0,100*CA33/MAX($CA:$CC)) -> 91.070829 | BM33: =IF(CB33="",0,100*CB33/MAX($CA:$CC)) -> 30.946626 | BN33: =IF(CC33="",0,100*CC33/MAX($CA:$CC)) -> 53.205774 | BO33: 39.3 | BP33: 313 | BQ33: 148.1 | BR33: 134.1 | BS33: 300.5 | BT33: 141.2 | BU33: 324.4 | BV33: 132.8 | BW33: 104 | BX33: 613.8 | BY33: 56.68 | BZ33: 357.7 | CA33: 2713 | CB33: 921.9 | CC33: 1585 | CD33: 11.18 | CE33: 8.082 | CF33: 8.008 | CG33: 8.204 | CH33: 8.285 | CI33: 7.097 | CJ33: 8.273 | CK33: 8.001 | CL33: 7.963 | CM33: 9.279 | CN33: 7.128 | CO33: 7.695 | CP33: 8.739 | CQ33: 8.55 | CR33: 8.755 | CS33: =IF(VLOOKUP($A33,'B-Ligands'!$A:$G,3,FALSE)="","",VLOOKUP($A33,'B-Ligands'!$A:$G,3,FALSE)) -> PTH (1-34) | CT33: =IF(VLOOKUP($A33,'B-Ligands'!$A:$G,4,FALSE)="","",VLOOKUP($A33,'B-Ligands'!$A:$G,4,FALSE)) -> Parathyroid Hormone | CU33: 6.6364042 | CV33: 7.2583923 | CW33: 10.433217 | CX33: 8.7027741 | CY33: 6.1337302 | CZ33: 1.8595632 | DA33: 5.0472893 | DB33: 1.5965572 | DC33: 8.8679109 | DD33: 11.490367 | DE33: 4.7120584 | DF33: 19.629597 | DG33: 12.478355 | DH33: 13.266478 | DI33: 11.682425 | DJ33: =IF(BO33="",0,BO33/CU33) -> 5.9218816 | DK33: =IF(BP33="",0,BP33/CV33) -> 43.122497 | DL33: =IF(BQ33="",0,BQ33/CW33) -> 14.195046 | DM33: =IF(BR33="",0,BR33/CX33) -> 15.40888 | DN33: =IF(BS33="",0,BS33/CY33) -> 48.991395 | DO33: =IF(BT33="",0,BT33/CZ33) -> 75.931811 | DP33: =IF(BU33="",0,BU33/DA33) -> 64.272123 | DQ33: =IF(BV33="",0,BV33/DB33) -> 83.17898 | ... DX33: =IF(CC33="",0,CC33/DI33) -> 135.67389
A34: VIPR1 | B34: 10.7554/eLife.74101 | C34: =IF(VLOOKUP($A34,'B-Ligands'!$A:$G,5,FALSE)="","",VLOOKUP($A34,'B-Ligands'!$A:$G,5,FALSE)) -> Guide To Pharmacology | D34: =IF(VLOOKUP($A34,'B-Ligands'!$A:$G,6,FALSE)="","",VLOOKUP($A34,'B-Ligands'!$A:$G,6,FALSE)) -> 1152 | E34: =IF(VLOOKUP($A34,'B-Ligands'!$A:$G,7,FALSE)="","",VLOOKUP($A34,'B-Ligands'!$A:$G,7,FALSE)) -> Phys | F34: =IF(T34>0,1,"") -> 1 | G34: =IF(U34>0,1,"") -> 1 | H34: =IF(V34>0,1,"") -> 1 | I34: =IF(W34>0,1,"") -> 1 | J34: =COUNTIF(L34:O34,">0") -> 4 | K34: =SUBSTITUTE(INDEX(T$1:W$1,1,MATCH(MAX(T34:W34),T34:W34,0)),"-fam","") -> Gs | L34: =IF(T34=0,0,_xlfn.RANK.EQ(T34,$T34:$W34,0)) -> 1 | M34: =IF(U34=0,0,_xlfn.RANK.EQ(U34,$T34:$W34,0)) -> 4 | N34: =IF(V34=0,0,_xlfn.RANK.EQ(V34,$T34:$W34,0)) -> 2 | O34: =IF(W34=0,0,_xlfn.RANK.EQ(W34,$T34:$W34,0)) -> 3 | P34: =T34/MAX($T34:$W34)*100 -> 100 | Q34: =U34/MAX($T34:$W34)*100 -> 71.068047 | R34: =V34/MAX($T34:$W34)*100 -> 84.755338 | S34: =W34/MAX($T34:$W34)*100 -> 72.418629 | T34: =AK34 -> 11.187099 | U34: =MAX(AL34:AP34) -> 7.9504527 | V34: =MAX(AQ34:AT34) -> 9.4816635 | W34: =MAX(AU34:AV34) -> 8.1015436 | X34: =INDEX(AK$1:AV$1,1,MATCH(MAX(AK34:AV34),AK34:AV34,0)) -> GsL | Y34: =AK34/MAX($AK34:$AV34)*100 -> 100 | Z34: =AL34/MAX($AK34:$AV34)*100 -> 67.499717 | AA34: =AM34/MAX($AK34:$AV34)*100 -> 67.7849 | AB34: =AN34/MAX($AK34:$AV34)*100 -> 63.980977 | AC34: =AO34/MAX($AK34:$AV34)*100 -> 71.068047 | AD34: =AP34/MAX($AK34:$AV34)*100 -> 64.206614 | AE34: =AQ34/MAX($AK34:$AV34)*100 -> 70.960994 | AF34: =AR34/MAX($AK34:$AV34)*100 -> 64.947955 | ... AJ34: =AV34/MAX($AK34:$AV34)*100 -> 72.418629 | AK34: {=_xlfn.IFS(AZ34=0,0,AZ34>0,(LOG(0.01*AZ34/10^-CD34)))} -> 11.187099 | AL34: {=_xlfn.IFS(BA34=0,0,BA34>0,(LOG(0.01*BA34/10^-CE34)))} -> 7.5512601 | AM34: {=_xlfn.IFS(BB34=0,0,BB34>0,(LOG(0.01*BB34/10^-CF34)))} -> 7.5831638 | AN34: {=_xlfn.IFS(BC34=0,0,BC34>0,(LOG(0.01*BC34/10^-CG34)))} -> 7.1576151 | AO34: {=_xlfn.IFS(BD34=0,0,BD34>0,(LOG(0.01*BD34/10^-CH34)))} -> 7.9504527 | AP34: {=_xlfn.IFS(BE34=0,0,BE34>0,(LOG(0.01*BE34/10^-CI34)))} -> 7.1828574 | AQ34: {=_xlfn.IFS(BF34=0,0,BF34>0,(LOG(0.01*BF34/10^-CJ34)))} -> 7.9384766 | AR34: {=_xlfn.IFS(BG34=0,0,BG34>0,(LOG(0.01*BG34/10^-CK34)))} -> 7.2657919 | ... AY34: {=_xlfn.IFS(BN34=0,0,BN34>0,(LOG(0.01*BN34/10^-CR34)))} -> 8.8052354 | AZ34: =IF(BO34="",0,100*BO34/MAX(BO:BO)) -> 73.637477 | BA34: =IF(BP34="",0,100*BP34/MAX($BP:$BT)) -> 20.476706 | BB34: =IF(BQ34="",0,100*BQ34/MAX($BP:$BT)) -> 10.379198 | BC34: =IF(BR34="",0,100*BR34/MAX($BP:$BT)) -> 6.1040087 | BD34: =IF(BS34="",0,100*BS34/MAX($BP:$BT)) -> 17.638137 | BE34: =IF(BT34="",0,100*BT34/MAX($BP:$BT)) -> 9.5687974 | BF34: =IF(BU34="",0,100*BU34/MAX($BU:$BX)) -> 24.404873 | BG34: =IF(BV34="",0,100*BV34/MAX($BU:$BX)) -> 14.414246 | BH34: =IF(BW34="",0,100*BW34/MAX($BU:$BX)) -> 4.3149016 | BI34: =IF(BX34="",0,100*BX34/MAX($BU:$BX)) -> 57.235239 | BJ34: =IF(BY34="",0,100*BY34/MAX($BY:$BZ)) -> 5.8864344 | BK34: =IF(BZ34="",0,100*BZ34/MAX($BY:$BZ)) -> 45.766072 | BL34: =IF(CA34="",0,100*CA34/MAX($CA:$CC)) -> 45.887882 | BM34: =IF(CB34="",0,100*CB34/MAX($CA:$CC)) -> 23.323263 | BN34: =IF(CC34="",0,100*CC34/MAX($CA:$CC)) -> 35.58241 | BO34: 48.1 | BP34: 189 | BQ34: 95.8 | BR34: 56.34 | BS34: 162.8 | BT34: 88.32 | BU34: 260.4 | BV34: 153.8 | BW34: 46.04 | BX34: 610.7 | BY34: 41.57 | BZ34: 323.2 | CA34: 1367 | CB34: 694.8 | CC34: 1060 | CD34: 11.32 | CE34: 8.24 | CF34: 8.567 | CG34: 8.372 | CH34: 8.704 | CI34: 8.202 | CJ34: 8.551 | CK34: 8.107 | CL34: 7.887 | CM34: 9.724 | CN34: 8.593 | CO34: 8.441 | CP34: 9.109 | CQ34: 9.083 | CR34: 9.254 | CS34: =IF(VLOOKUP($A34,'B-Ligands'!$A:$G,3,FALSE)="","",VLOOKUP($A34,'B-Ligands'!$A:$G,3,FALSE)) -> VIP | CT34: =IF(VLOOKUP($A34,'B-Ligands'!$A:$G,4,FALSE)="","",VLOOKUP($A34,'B-Ligands'!$A:$G,4,FALSE)) -> Vasoactive intestinal polypeptide | CU34: 6.0267509 | CV34: 5.4366953 | CW34: 11.515362 | CX34: 11.017142 | CY34: 4.2610028 | CZ34: 14.214211 | DA34: 4.3841033 | DB34: 6.9519925 | DC34: 3.7436189 | DD34: 5.9737427 | DE34: 6.7965929 | DF34: 10.005855 | DG34: 4.1191692 | DH34: 6.1308484 | DI34: 4.1923711 | DJ34: =IF(BO34="",0,BO34/CU34) -> 7.9810832 | DK34: =IF(BP34="",0,BP34/CV34) -> 34.763765 | DL34: =IF(BQ34="",0,BQ34/CW34) -> 8.3193214 | DM34: =IF(BR34="",0,BR34/CX34) -> 5.1138491 | DN34: =IF(BS34="",0,BS34/CY34) -> 38.206969 | DO34: =IF(BT34="",0,BT34/CZ34) -> 6.2135002 | DP34: =IF(BU34="",0,BU34/DA34) -> 59.39641 | DQ34: =IF(BV34="",0,BV34/DB34) -> 22.123154 | ... DX34: =IF(CC34="",0,CC34/DI34) -> 252.84021
A35: GLR | B35: 10.7554/eLife.74101 | C35: =IF(VLOOKUP($A35,'B-Ligands'!$A:$G,5,FALSE)="","",VLOOKUP($A35,'B-Ligands'!$A:$G,5,FALSE)) -> Guide To Pharmacology | D35: =IF(VLOOKUP($A35,'B-Ligands'!$A:$G,6,FALSE)="","",VLOOKUP($A35,'B-Ligands'!$A:$G,6,FALSE)) -> 1136 | E35: =IF(VLOOKUP($A35,'B-Ligands'!$A:$G,7,FALSE)="","",VLOOKUP($A35,'B-Ligands'!$A:$G,7,FALSE)) -> Phys | F35: =IF(T35>0,1,"") -> 1 | G35: =IF(U35>0,1,"") -> 1 | H35: =IF(V35>0,1,"") -> 1 | I35: =IF(W35>0,1,"") -> 1 | J35: =COUNTIF(L35:O35,">0") -> 4 | K35: =SUBSTITUTE(INDEX(T$1:W$1,1,MATCH(MAX(T35:W35),T35:W35,0)),"-fam","") -> Gs | L35: =IF(T35=0,0,_xlfn.RANK.EQ(T35,$T35:$W35,0)) -> 1 | M35: =IF(U35=0,0,_xlfn.RANK.EQ(U35,$T35:$W35,0)) -> 3 | N35: =IF(V35=0,0,_xlfn.RANK.EQ(V35,$T35:$W35,0)) -> 2 | O35: =IF(W35=0,0,_xlfn.RANK.EQ(W35,$T35:$W35,0)) -> 4 | P35: =T35/MAX($T35:$W35)*100 -> 100 | Q35: =U35/MAX($T35:$W35)*100 -> 78.881708 | R35: =V35/MAX($T35:$W35)*100 -> 81.052628 | S35: =W35/MAX($T35:$W35)*100 -> 66.129593 | T35: =AK35 -> 10.951378 | U35: =MAX(AL35:AP35) -> 8.6386342 | V35: =MAX(AQ35:AT35) -> 8.8763799 | W35: =MAX(AU35:AV35) -> 7.2421019 | X35: =INDEX(AK$1:AV$1,1,MATCH(MAX(AK35:AV35),AK35:AV35,0)) -> GsL | Y35: =AK35/MAX($AK35:$AV35)*100 -> 100 | Z35: =AL35/MAX($AK35:$AV35)*100 -> 72.508618 | AA35: =AM35/MAX($AK35:$AV35)*100 -> 69.576734 | AB35: =AN35/MAX($AK35:$AV35)*100 -> 74.90239 | AC35: =AO35/MAX($AK35:$AV35)*100 -> 78.881708 | AD35: =AP35/MAX($AK35:$AV35)*100 -> 72.485554 | AE35: =AQ35/MAX($AK35:$AV35)*100 -> 57.065865 | AF35: =AR35/MAX($AK35:$AV35)*100 -> 56.341424 | ... AJ35: =AV35/MAX($AK35:$AV35)*100 -> 66.129593 | AK35: {=_xlfn.IFS(AZ35=0,0,AZ35>0,(LOG(0.01*AZ35/10^-CD35)))} -> 10.951378 | AL35: {=_xlfn.IFS(BA35=0,0,BA35>0,(LOG(0.01*BA35/10^-CE35)))} -> 7.940693 | AM35: {=_xlfn.IFS(BB35=0,0,BB35>0,(LOG(0.01*BB35/10^-CF35)))} -> 7.6196113 | AN35: {=_xlfn.IFS(BC35=0,0,BC35>0,(LOG(0.01*BC35/10^-CG35)))} -> 8.202844 | AO35: {=_xlfn.IFS(BD35=0,0,BD35>0,(LOG(0.01*BD35/10^-CH35)))} -> 8.6386342 | AP35: {=_xlfn.IFS(BE35=0,0,BE35>0,(LOG(0.01*BE35/10^-CI35)))} -> 7.9381671 | AQ35: {=_xlfn.IFS(BF35=0,0,BF35>0,(LOG(0.01*BF35/10^-CJ35)))} -> 6.2494986 | AR35: {=_xlfn.IFS(BG35=0,0,BG35>0,(LOG(0.01*BG35/10^-CK35)))} -> 6.1701624 | ... AY35: {=_xlfn.IFS(BN35=0,0,BN35>0,(LOG(0.01*BN35/10^-CR35)))} -> 7.697365 | AZ35: =IF(BO35="",0,100*BO35/MAX(BO:BO)) -> 71.019596 | BA35: =IF(BP35="",0,100*BP35/MAX($BP:$BT)) -> 61.191766 | BB35: =IF(BQ35="",0,100*BQ35/MAX($BP:$BT)) -> 35.124594 | BC35: =IF(BR35="",0,100*BR35/MAX($BP:$BT)) -> 22.795233 | BD35: =IF(BS35="",0,100*BS35/MAX($BP:$BT)) -> 41.365114 | BE35: =IF(BT35="",0,100*BT35/MAX($BP:$BT)) -> 21.191766 | BF35: =IF(BU35="",0,100*BU35/MAX($BU:$BX)) -> 8.4236176 | BG35: =IF(BV35="",0,100*BV35/MAX($BU:$BX)) -> 5.0253046 | BH35: =IF(BW35="",0,100*BW35/MAX($BU:$BX)) -> 5.4611059 | BI35: =IF(BX35="",0,100*BX35/MAX($BU:$BX)) -> 56.804124 | BJ35: =IF(BY35="",0,100*BY35/MAX($BY:$BZ)) -> 0 | BK35: =IF(BZ35="",0,100*BZ35/MAX($BY:$BZ)) -> 24.837157 | BL35: =IF(CA35="",0,100*CA35/MAX($CA:$CC)) -> 32.772743 | BM35: =IF(CB35="",0,100*CB35/MAX($CA:$CC)) -> 21.654918 | BN35: =IF(CC35="",0,100*CC35/MAX($CA:$CC)) -> 30.224908 | BO35: 46.39 | BP35: 564.8 | BQ35: 324.2 | BR35: 210.4 | BS35: 381.8 | BT35: 195.6 | BU35: 89.88 | BV35: 53.62 | BW35: 58.27 | BX35: 606.1 | BZ35: 175.4 | CA35: 976.3 | CB35: 645.1 | CC35: 900.4 | CD35: 11.1 | CE35: 8.154 | CF35: 8.074 | CG35: 8.845 | CH35: 9.022 | CI35: 8.612 | CJ35: 7.324 | CK35: 7.469 | CL35: 7.424 | CM35: 9.122 | CO35: 7.847 | CP35: 7.506 | CQ35: 7.652 | CR35: 8.217 | CS35: =IF(VLOOKUP($A35,'B-Ligands'!$A:$G,3,FALSE)="","",VLOOKUP($A35,'B-Ligands'!$A:$G,3,FALSE)) | CT35: =IF(VLOOKUP($A35,'B-Ligands'!$A:$G,4,FALSE)="","",VLOOKUP($A35,'B-Ligands'!$A:$G,4,FALSE)) -> Glucagon | CU35: 9.4645562 | CV35: 19.746719 | CW35: 8.6027828 | CX35: 5.349972 | CY35: 13.110373 | CZ35: 13.734827 | DA35: 4.943949 | DB35: 9 | DC35: 7.7549099 | DD35: 12 | DE35: 11.358668 | DF35: 13.07695 | DG35: 15.582984 | DH35: 3.4430808 | DI35: 20.934308 | DJ35: =IF(BO35="",0,BO35/CU35) -> 4.9014448 | DK35: =IF(BP35="",0,BP35/CV35) -> 28.60222 | DL35: =IF(BQ35="",0,BQ35/CW35) -> 37.68548 | DM35: =IF(BR35="",0,BR35/CX35) -> 39.327308 | DN35: =IF(BS35="",0,BS35/CY35) -> 29.121979 | DO35: =IF(BT35="",0,BT35/CZ35) -> 14.24117 | DP35: =IF(BU35="",0,BU35/DA35) -> 18.179799 | DQ35: =IF(BV35="",0,BV35/DB35) -> 5.9577778 | ... DX35: =IF(CC35="",0,CC35/DI35) -> 43.010737
A36: GIPR | B36: 10.7554/eLife.74101 | C36: =IF(VLOOKUP($A36,'B-Ligands'!$A:$G,5,FALSE)="","",VLOOKUP($A36,'B-Ligands'!$A:$G,5,FALSE)) -> Guide To Pharmacology | D36: =IF(VLOOKUP($A36,'B-Ligands'!$A:$G,6,FALSE)="","",VLOOKUP($A36,'B-Ligands'!$A:$G,6,FALSE)) -> 3542 | E36: =IF(VLOOKUP($A36,'B-Ligands'!$A:$G,7,FALSE)="","",VLOOKUP($A36,'B-Ligands'!$A:$G,7,FALSE)) -> Phys | F36: =IF(T36>0,1,"") -> 1 | G36: =IF(U36>0,1,"") -> 1 | H36: =IF(V36>0,1,"") -> 1 | I36: =IF(W36>0,1,"") | J36: =COUNTIF(L36:O36,">0") -> 3 | K36: =SUBSTITUTE(INDEX(T$1:W$1,1,MATCH(MAX(T36:W36),T36:W36,0)),"-fam","") -> Gs | L36: =IF(T36=0,0,_xlfn.RANK.EQ(T36,$T36:$W36,0)) -> 1 | M36: =IF(U36=0,0,_xlfn.RANK.EQ(U36,$T36:$W36,0)) -> 3 | N36: =IF(V36=0,0,_xlfn.RANK.EQ(V36,$T36:$W36,0)) -> 2 | O36: =IF(W36=0,0,_xlfn.RANK.EQ(W36,$T36:$W36,0)) -> 0 | P36: =T36/MAX($T36:$W36)*100 -> 100 | Q36: =U36/MAX($T36:$W36)*100 -> 83.511967 | R36: =V36/MAX($T36:$W36)*100 -> 84.948231 | S36: =W36/MAX($T36:$W36)*100 -> 0 | T36: =AK36 -> 10.391111 | U36: =MAX(AL36:AP36) -> 8.6778213 | V36: =MAX(AQ36:AT36) -> 8.8270652 | W36: =MAX(AU36:AV36) -> 0 | X36: =INDEX(AK$1:AV$1,1,MATCH(MAX(AK36:AV36),AK36:AV36,0)) -> GsL | Y36: =AK36/MAX($AK36:$AV36)*100 -> 100 | Z36: =AL36/MAX($AK36:$AV36)*100 -> 78.544775 | AA36: =AM36/MAX($AK36:$AV36)*100 -> 80.739952 | AB36: =AN36/MAX($AK36:$AV36)*100 -> 78.947418 | AC36: =AO36/MAX($AK36:$AV36)*100 -> 83.511967 | AD36: =AP36/MAX($AK36:$AV36)*100 -> 81.312791 | AE36: =AQ36/MAX($AK36:$AV36)*100 -> 0 | AF36: =AR36/MAX($AK36:$AV36)*100 -> 0 | ... AJ36: =AV36/MAX($AK36:$AV36)*100 -> 0 | AK36: {=_xlfn.IFS(AZ36=0,0,AZ36>0,(LOG(0.01*AZ36/10^-CD36)))} -> 10.391111 | AL36: {=_xlfn.IFS(BA36=0,0,BA36>0,(LOG(0.01*BA36/10^-CE36)))} -> 8.1616749 | AM36: {=_xlfn.IFS(BB36=0,0,BB36>0,(LOG(0.01*BB36/10^-CF36)))} -> 8.3897782 | AN36: {=_xlfn.IFS(BC36=0,0,BC36>0,(LOG(0.01*BC36/10^-CG36)))} -> 8.203514 | AO36: {=_xlfn.IFS(BD36=0,0,BD36>0,(LOG(0.01*BD36/10^-CH36)))} -> 8.6778213 | AP36: {=_xlfn.IFS(BE36=0,0,BE36>0,(LOG(0.01*BE36/10^-CI36)))} -> 8.4493025 | AQ36: {=_xlfn.IFS(BF36=0,0,BF36>0,(LOG(0.01*BF36/10^-CJ36)))} -> 0 | AR36: {=_xlfn.IFS(BG36=0,0,BG36>0,(LOG(0.01*BG36/10^-CK36)))} -> 0 | ... AY36: {=_xlfn.IFS(BN36=0,0,BN36>0,(LOG(0.01*BN36/10^-CR36)))} -> 7.0478004 | AZ36: =IF(BO36="",0,100*BO36/MAX(BO:BO)) -> 83.389467 | BA36: =IF(BP36="",0,100*BP36/MAX($BP:$BT)) -> 19.664139 | BB36: =IF(BQ36="",0,100*BQ36/MAX($BP:$BT)) -> 21.76598 | BC36: =IF(BR36="",0,100*BR36/MAX($BP:$BT)) -> 13.228602 | BD36: =IF(BS36="",0,100*BS36/MAX($BP:$BT)) -> 28.894908 | BE36: =IF(BT36="",0,100*BT36/MAX($BP:$BT)) -> 14.431203 | BF36: =IF(BU36="",0,100*BU36/MAX($BU:$BX)) -> 0 | BG36: =IF(BV36="",0,100*BV36/MAX($BU:$BX)) -> 0 | BH36: =IF(BW36="",0,100*BW36/MAX($BU:$BX)) -> 1.5932521 | BI36: =IF(BX36="",0,100*BX36/MAX($BU:$BX)) -> 55.089035 | BJ36: =IF(BY36="",0,100*BY36/MAX($BY:$BZ)) -> 0 | BK36: =IF(BZ36="",0,100*BZ36/MAX($BY:$BZ)) -> 0 | BL36: =IF(CA36="",0,100*CA36/MAX($CA:$CC)) -> 2.2903659 | BM36: =IF(CB36="",0,100*CB36/MAX($CA:$CC)) -> 0.93286338 | BN36: =IF(CC36="",0,100*CC36/MAX($CA:$CC)) -> 4.4545149 | BO36: 54.47 | BP36: 181.5 | BQ36: 200.9 | BR36: 122.1 | BS36: 266.7 | BT36: 133.2 | BW36: 17 | BX36: 587.8 | CA36: 68.23 | CB36: 27.79 | CC36: 132.7 | CD36: 10.47 | CE36: 8.868 | CF36: 9.052 | CG36: 9.082 | CH36: 9.217 | CI36: 9.29 | CL36: 8.2 | CM36: 9.086 | CP36: 7.385 | CQ36: 8.437 | CR36: 8.399 | CS36: =IF(VLOOKUP($A36,'B-Ligands'!$A:$G,3,FALSE)="","",VLOOKUP($A36,'B-Ligands'!$A:$G,3,FALSE)) -> GIP | CT36: =IF(VLOOKUP($A36,'B-Ligands'!$A:$G,4,FALSE)="","",VLOOKUP($A36,'B-Ligands'!$A:$G,4,FALSE)) -> Gastric inhibitory polypeptide | CU36: 3.9851543 | CV36: 1.6693921 | CW36: 12.354384 | CX36: 3.0683134 | CY36: 14.59808 | CZ36: 20.671394 | DA36: 14.504754 | DB36: 4.8482626 | DC36: 16.757766 | DD36: 4.9968105 | DE36: 23.519907 | DF36: 23.223646 | DG36: 7 | DH36: 12.898879 | DI36: 7 | DJ36: =IF(BO36="",0,BO36/CU36) -> 13.668229 | DK36: =IF(BP36="",0,BP36/CV36) -> 108.72221 | DL36: =IF(BQ36="",0,BQ36/CW36) -> 16.261434 | DM36: =IF(BR36="",0,BR36/CX36) -> 39.793848 | DN36: =IF(BS36="",0,BS36/CY36) -> 18.269526 | DO36: =IF(BT36="",0,BT36/CZ36) -> 6.4436873 | DP36: =IF(BU36="",0,BU36/DA36) -> 0 | DQ36: =IF(BV36="",0,BV36/DB36) -> 0 | ... DX36: =IF(CC36="",0,CC36/DI36) -> 18.957143
A37: MC3R | B37: 10.7554/eLife.74101 | C37: =IF(VLOOKUP($A37,'B-Ligands'!$A:$G,5,FALSE)="","",VLOOKUP($A37,'B-Ligands'!$A:$G,5,FALSE)) -> Guide To Pharmacology | D37: =IF(VLOOKUP($A37,'B-Ligands'!$A:$G,6,FALSE)="","",VLOOKUP($A37,'B-Ligands'!$A:$G,6,FALSE)) -> 1333 | E37: =IF(VLOOKUP($A37,'B-Ligands'!$A:$G,7,FALSE)="","",VLOOKUP($A37,'B-Ligands'!$A:$G,7,FALSE)) -> Phys | F37: =IF(T37>0,1,"") -> 1 | G37: =IF(U37>0,1,"") -> 1 | H37: =IF(V37>0,1,"") -> 1 | I37: =IF(W37>0,1,"") -> 1 | J37: =COUNTIF(L37:O37,">0") -> 4 | K37: =SUBSTITUTE(INDEX(T$1:W$1,1,MATCH(MAX(T37:W37),T37:W37,0)),"-fam","") -> Gq/11 | L37: =IF(T37=0,0,_xlfn.RANK.EQ(T37,$T37:$W37,0)) -> 2 | M37: =IF(U37=0,0,_xlfn.RANK.EQ(U37,$T37:$W37,0)) -> 3 | N37: =IF(V37=0,0,_xlfn.RANK.EQ(V37,$T37:$W37,0)) -> 1 | O37: =IF(W37=0,0,_xlfn.RANK.EQ(W37,$T37:$W37,0)) -> 4 | P37: =T37/MAX($T37:$W37)*100 -> 92.013888 | Q37: =U37/MAX($T37:$W37)*100 -> 75.21087 | R37: =V37/MAX($T37:$W37)*100 -> 100 | S37: =W37/MAX($T37:$W37)*100 -> 61.120055 | T37: =AK37 -> 9.50513 | U37: =MAX(AL37:AP37) -> 7.7693607 | V37: =MAX(AQ37:AT37) -> 10.330104 | W37: =MAX(AU37:AV37) -> 6.313765 | X37: =INDEX(AK$1:AV$1,1,MATCH(MAX(AK37:AV37),AK37:AV37,0)) -> G15 | Y37: =AK37/MAX($AK37:$AV37)*100 -> 92.013888 | Z37: =AL37/MAX($AK37:$AV37)*100 -> 0 | AA37: =AM37/MAX($AK37:$AV37)*100 -> 0 | AB37: =AN37/MAX($AK37:$AV37)*100 -> 0 | AC37: =AO37/MAX($AK37:$AV37)*100 -> 66.613519 | AD37: =AP37/MAX($AK37:$AV37)*100 -> 75.21087 | AE37: =AQ37/MAX($AK37:$AV37)*100 -> 0 | AF37: =AR37/MAX($AK37:$AV37)*100 -> 0 | ... AJ37: =AV37/MAX($AK37:$AV37)*100 -> 59.814291 | AK37: {=_xlfn.IFS(AZ37=0,0,AZ37>0,(LOG(0.01*AZ37/10^-CD37)))} -> 9.50513 | AL37: {=_xlfn.IFS(BA37=0,0,BA37>0,(LOG(0.01*BA37/10^-CE37)))} -> 0 | AM37: {=_xlfn.IFS(BB37=0,0,BB37>0,(LOG(0.01*BB37/10^-CF37)))} -> 0 | AN37: {=_xlfn.IFS(BC37=0,0,BC37>0,(LOG(0.01*BC37/10^-CG37)))} -> 0 | AO37: {=_xlfn.IFS(BD37=0,0,BD37>0,(LOG(0.01*BD37/10^-CH37)))} -> 6.8812455 | AP37: {=_xlfn.IFS(BE37=0,0,BE37>0,(LOG(0.01*BE37/10^-CI37)))} -> 7.7693607 | AQ37: {=_xlfn.IFS(BF37=0,0,BF37>0,(LOG(0.01*BF37/10^-CJ37)))} -> 0 | AR37: {=_xlfn.IFS(BG37=0,0,BG37>0,(LOG(0.01*BG37/10^-CK37)))} -> 0 | ... AY37: {=_xlfn.IFS(BN37=0,0,BN37>0,(LOG(0.01*BN37/10^-CR37)))} -> 8.1155315 | AZ37: =IF(BO37="",0,100*BO37/MAX(BO:BO)) -> 88.946724 | BA37: =IF(BP37="",0,100*BP37/MAX($BP:$BT)) -> 0 | BB37: =IF(BQ37="",0,100*BQ37/MAX($BP:$BT)) -> 0 | BC37: =IF(BR37="",0,100*BR37/MAX($BP:$BT)) -> 0 | BD37: =IF(BS37="",0,100*BS37/MAX($BP:$BT)) -> 3.7865655 | BE37: =IF(BT37="",0,100*BT37/MAX($BP:$BT)) -> 13.531961 | BF37: =IF(BU37="",0,100*BU37/MAX($BU:$BX)) -> 0 | BG37: =IF(BV37="",0,100*BV37/MAX($BU:$BX)) -> 0 | BH37: =IF(BW37="",0,100*BW37/MAX($BU:$BX)) -> 0 | BI37: =IF(BX37="",0,100*BX37/MAX($BU:$BX)) -> 54.967198 | BJ37: =IF(BY37="",0,100*BY37/MAX($BY:$BZ)) -> 7.1905976 | BK37: =IF(BZ37="",0,100*BZ37/MAX($BY:$BZ)) -> 27.032002 | BL37: =IF(CA37="",0,100*CA37/MAX($CA:$CC)) -> 1.9308493 | BM37: =IF(CB37="",0,100*CB37/MAX($CA:$CC)) -> 13.591809 | BN37: =IF(CC37="",0,100*CC37/MAX($CA:$CC)) -> 20.966767 | BO37: 58.1 | BS37: 34.95 | BT37: 124.9 | BX37: 586.5 | BY37: 50.78 | BZ37: 190.9 | CA37: 57.52 | CB37: 404.9 | CC37: 624.6 | CD37: 9.556 | CH37: 8.303 | CI37: 8.638 | CM37: 10.59 | CN37: 7.457 | CO37: 6.747 | CP37: 8.725 | CQ37: 8.73 | CR37: 8.794 | CS37: =IF(VLOOKUP($A37,'B-Ligands'!$A:$G,3,FALSE)="","",VLOOKUP($A37,'B-Ligands'!$A:$G,3,FALSE)) -> γ-MSH | CT37: =IF(VLOOKUP($A37,'B-Ligands'!$A:$G,4,FALSE)="","",VLOOKUP($A37,'B-Ligands'!$A:$G,4,FALSE)) -> γ-melanocyte stimulating hormone | CU37: 9.249344 | CV37: 26.024742 | CW37: 1.6830857 | CX37: 17.940554 | CY37: 4.4680046 | CZ37: 10.161216 | DA37: 12.75994 | DB37: 15.409648 | DC37: 13.395452 | DD37: 5.7812412 | DE37: 4.872594 | DF37: 9.5029082 | DG37: 10.156878 | DH37: 9.4297027 | DI37: 2.5402206 | DJ37: =IF(BO37="",0,BO37/CU37) -> 6.2815266 | DK37: =IF(BP37="",0,BP37/CV37) -> 0 | DL37: =IF(BQ37="",0,BQ37/CW37) -> 0 | DM37: =IF(BR37="",0,BR37/CX37) -> 0 | DN37: =IF(BS37="",0,BS37/CY37) -> 7.8222839 | DO37: =IF(BT37="",0,BT37/CZ37) -> 12.291836 | DP37: =IF(BU37="",0,BU37/DA37) -> 0 | DQ37: =IF(BV37="",0,BV37/DB37) -> 0 | ... DX37: =IF(CC37="",0,CC37/DI37) -> 245.88416
A38: PE2R3 | B38: 10.7554/eLife.74101 | C38: =IF(VLOOKUP($A38,'B-Ligands'!$A:$G,5,FALSE)="","",VLOOKUP($A38,'B-Ligands'!$A:$G,5,FALSE)) -> Guide To Pharmacology | D38: =IF(VLOOKUP($A38,'B-Ligands'!$A:$G,6,FALSE)="","",VLOOKUP($A38,'B-Ligands'!$A:$G,6,FALSE)) -> 1883 | E38: =IF(VLOOKUP($A38,'B-Ligands'!$A:$G,7,FALSE)="","",VLOOKUP($A38,'B-Ligands'!$A:$G,7,FALSE)) -> Phys | F38: =IF(T38>0,1,"") | G38: =IF(U38>0,1,"") -> 1 | H38: =IF(V38>0,1,"") -> 1 | I38: =IF(W38>0,1,"") -> 1 | J38: =COUNTIF(L38:O38,">0") -> 3 | K38: =SUBSTITUTE(INDEX(T$1:W$1,1,MATCH(MAX(T38:W38),T38:W38,0)),"-fam","") -> Gi/o | L38: =IF(T38=0,0,_xlfn.RANK.EQ(T38,$T38:$W38,0)) -> 0 | M38: =IF(U38=0,0,_xlfn.RANK.EQ(U38,$T38:$W38,0)) -> 1 | N38: =IF(V38=0,0,_xlfn.RANK.EQ(V38,$T38:$W38,0)) -> 3 | O38: =IF(W38=0,0,_xlfn.RANK.EQ(W38,$T38:$W38,0)) -> 2 | P38: =T38/MAX($T38:$W38)*100 -> 0 | Q38: =U38/MAX($T38:$W38)*100 -> 100 | R38: =V38/MAX($T38:$W38)*100 -> 78.820105 | S38: =W38/MAX($T38:$W38)*100 -> 84.877693 | T38: =AK38 -> 0 | U38: =MAX(AL38:AP38) -> 9.4532984 | V38: =MAX(AQ38:AT38) -> 7.4510997 | W38: =MAX(AU38:AV38) -> 8.0237416 | X38: =INDEX(AK$1:AV$1,1,MATCH(MAX(AK38:AV38),AK38:AV38,0)) -> Gz | Y38: =AK38/MAX($AK38:$AV38)*100 -> 0 | Z38: =AL38/MAX($AK38:$AV38)*100 -> 99.820708 | AA38: =AM38/MAX($AK38:$AV38)*100 -> 96.488995 | AB38: =AN38/MAX($AK38:$AV38)*100 -> 96.781862 | AC38: =AO38/MAX($AK38:$AV38)*100 -> 96.457103 | AD38: =AP38/MAX($AK38:$AV38)*100 -> 100 | AE38: =AQ38/MAX($AK38:$AV38)*100 -> 0 | AF38: =AR38/MAX($AK38:$AV38)*100 -> 0 | ... AJ38: =AV38/MAX($AK38:$AV38)*100 -> 84.877693 | AK38: {=_xlfn.IFS(AZ38=0,0,AZ38>0,(LOG(0.01*AZ38/10^-CD38)))} -> 0 | AL38: {=_xlfn.IFS(BA38=0,0,BA38>0,(LOG(0.01*BA38/10^-CE38)))} -> 9.4363494 | AM38: {=_xlfn.IFS(BB38=0,0,BB38>0,(LOG(0.01*BB38/10^-CF38)))} -> 9.1213926 | AN38: {=_xlfn.IFS(BC38=0,0,BC38>0,(LOG(0.01*BC38/10^-CG38)))} -> 9.1490782 | AO38: {=_xlfn.IFS(BD38=0,0,BD38>0,(LOG(0.01*BD38/10^-CH38)))} -> 9.1183778 | AP38: {=_xlfn.IFS(BE38=0,0,BE38>0,(LOG(0.01*BE38/10^-CI38)))} -> 9.4532984 | AQ38: {=_xlfn.IFS(BF38=0,0,BF38>0,(LOG(0.01*BF38/10^-CJ38)))} -> 0 | AR38: {=_xlfn.IFS(BG38=0,0,BG38>0,(LOG(0.01*BG38/10^-CK38)))} -> 0 | ... AY38: {=_xlfn.IFS(BN38=0,0,BN38>0,(LOG(0.01*BN38/10^-CR38)))} -> 0 | AZ38: =IF(BO38="",0,100*BO38/MAX(BO:BO)) -> 0 | BA38: =IF(BP38="",0,100*BP38/MAX($BP:$BT)) -> 53.499458 | BB38: =IF(BQ38="",0,100*BQ38/MAX($BP:$BT)) -> 29.880823 | BC38: =IF(BR38="",0,100*BR38/MAX($BP:$BT)) -> 25.590466 | BD38: =IF(BS38="",0,100*BS38/MAX($BP:$BT)) -> 33.141928 | BE38: =IF(BT38="",0,100*BT38/MAX($BP:$BT)) -> 10.310943 | BF38: =IF(BU38="",0,100*BU38/MAX($BU:$BX)) -> 0 | BG38: =IF(BV38="",0,100*BV38/MAX($BU:$BX)) -> 0 | BH38: =IF(BW38="",0,100*BW38/MAX($BU:$BX)) -> 2.022493 | BI38: =IF(BX38="",0,100*BX38/MAX($BU:$BX)) -> 54.714152 | BJ38: =IF(BY38="",0,100*BY38/MAX($BY:$BZ)) -> 0 | BK38: =IF(BZ38="",0,100*BZ38/MAX($BY:$BZ)) -> 53.794959 | BL38: =IF(CA38="",0,100*CA38/MAX($CA:$CC)) -> 0 | BM38: =IF(CB38="",0,100*CB38/MAX($CA:$CC)) -> 0 | BN38: =IF(CC38="",0,100*CC38/MAX($CA:$CC)) -> 0 | BP38: 493.8 | BQ38: 275.8 | BR38: 236.2 | BS38: 305.9 | BT38: 95.17 | BW38: 21.58 | BX38: 583.8 | BZ38: 379.9 | CE38: 9.708 | CF38: 9.646 | CG38: 9.741 | CH38: 9.598 | CI38: 10.44 | CL38: 6.961 | CM38: 7.713 | CO38: 8.293 | CS38: =IF(VLOOKUP($A38,'B-Ligands'!$A:$G,3,FALSE)="","",VLOOKUP($A38,'B-Ligands'!$A:$G,3,FALSE)) -> PGE2 | CT38: =IF(VLOOKUP($A38,'B-Ligands'!$A:$G,4,FALSE)="","",VLOOKUP($A38,'B-Ligands'!$A:$G,4,FALSE)) -> Prostaglandin E4 | CU38: 13.827206 | CV38: 9.52642 | CW38: 13.592734 | CX38: 31.092854 | CY38: 15.18098 | CZ38: 15.548506 | DA38: 7.0792667 | DB38: 13.407868 | DC38: 12.24821 | DD38: 18.260049 | DE38: 33.829818 | DF38: 9.6053615 | DG38: 23.956623 | DH38: 8.6166525 | DI38: 10.141107 | DJ38: =IF(BO38="",0,BO38/CU38) -> 0 | DK38: =IF(BP38="",0,BP38/CV38) -> 51.834792 | DL38: =IF(BQ38="",0,BQ38/CW38) -> 20.290252 | DM38: =IF(BR38="",0,BR38/CX38) -> 7.5966008 | DN38: =IF(BS38="",0,BS38/CY38) -> 20.150214 | DO38: =IF(BT38="",0,BT38/CZ38) -> 6.1208452 | DP38: =IF(BU38="",0,BU38/DA38) -> 0 | DQ38: =IF(BV38="",0,BV38/DB38) -> 0 | ... DX38: =IF(CC38="",0,CC38/DI38) -> 0
A39: NPFF1 | B39: 10.7554/eLife.74101 | C39: =IF(VLOOKUP($A39,'B-Ligands'!$A:$G,5,FALSE)="","",VLOOKUP($A39,'B-Ligands'!$A:$G,5,FALSE)) -> Guide To Pharmacology | D39: =IF(VLOOKUP($A39,'B-Ligands'!$A:$G,6,FALSE)="","",VLOOKUP($A39,'B-Ligands'!$A:$G,6,FALSE)) -> 4016 | E39: =IF(VLOOKUP($A39,'B-Ligands'!$A:$G,7,FALSE)="","",VLOOKUP($A39,'B-Ligands'!$A:$G,7,FALSE)) -> Phys | F39: =IF(T39>0,1,"") | G39: =IF(U39>0,1,"") -> 1 | H39: =IF(V39>0,1,"") -> 1 | I39: =IF(W39>0,1,"") -> 1 | J39: =COUNTIF(L39:O39,">0") -> 3 | K39: =SUBSTITUTE(INDEX(T$1:W$1,1,MATCH(MAX(T39:W39),T39:W39,0)),"-fam","") -> Gi/o | L39: =IF(T39=0,0,_xlfn.RANK.EQ(T39,$T39:$W39,0)) -> 0 | M39: =IF(U39=0,0,_xlfn.RANK.EQ(U39,$T39:$W39,0)) -> 1 | N39: =IF(V39=0,0,_xlfn.RANK.EQ(V39,$T39:$W39,0)) -> 2 | O39: =IF(W39=0,0,_xlfn.RANK.EQ(W39,$T39:$W39,0)) -> 3 | P39: =T39/MAX($T39:$W39)*100 -> 0 | Q39: =U39/MAX($T39:$W39)*100 -> 100 | R39: =V39/MAX($T39:$W39)*100 -> 75.831847 | S39: =W39/MAX($T39:$W39)*100 -> 68.971848 | T39: =AK39 -> 0 | U39: =MAX(AL39:AP39) -> 9.357693 | V39: =MAX(AQ39:AT39) -> 7.0961115 | W39: =MAX(AU39:AV39) -> 6.4541738 | X39: =INDEX(AK$1:AV$1,1,MATCH(MAX(AK39:AV39),AK39:AV39,0)) -> Gz | Y39: =AK39/MAX($AK39:$AV39)*100 -> 0 | Z39: =AL39/MAX($AK39:$AV39)*100 -> 84.683346 | AA39: =AM39/MAX($AK39:$AV39)*100 -> 83.123704 | AB39: =AN39/MAX($AK39:$AV39)*100 -> 87.851628 | AC39: =AO39/MAX($AK39:$AV39)*100 -> 94.416992 | AD39: =AP39/MAX($AK39:$AV39)*100 -> 100 | AE39: =AQ39/MAX($AK39:$AV39)*100 -> 0 | AF39: =AR39/MAX($AK39:$AV39)*100 -> 0 | ... AJ39: =AV39/MAX($AK39:$AV39)*100 -> 68.971848 | AK39: {=_xlfn.IFS(AZ39=0,0,AZ39>0,(LOG(0.01*AZ39/10^-CD39)))} -> 0 | AL39: {=_xlfn.IFS(BA39=0,0,BA39>0,(LOG(0.01*BA39/10^-CE39)))} -> 7.9244075 | AM39: {=_xlfn.IFS(BB39=0,0,BB39>0,(LOG(0.01*BB39/10^-CF39)))} -> 7.778461 | AN39: {=_xlfn.IFS(BC39=0,0,BC39>0,(LOG(0.01*BC39/10^-CG39)))} -> 8.2208857 | AO39: {=_xlfn.IFS(BD39=0,0,BD39>0,(LOG(0.01*BD39/10^-CH39)))} -> 8.8352522 | AP39: {=_xlfn.IFS(BE39=0,0,BE39>0,(LOG(0.01*BE39/10^-CI39)))} -> 9.357693 | AQ39: {=_xlfn.IFS(BF39=0,0,BF39>0,(LOG(0.01*BF39/10^-CJ39)))} -> 0 | AR39: {=_xlfn.IFS(BG39=0,0,BG39>0,(LOG(0.01*BG39/10^-CK39)))} -> 0 | ... AY39: {=_xlfn.IFS(BN39=0,0,BN39>0,(LOG(0.01*BN39/10^-CR39)))} -> 7.0848228 | AZ39: =IF(BO39="",0,100*BO39/MAX(BO:BO)) -> 0 | BA39: =IF(BP39="",0,100*BP39/MAX($BP:$BT)) -> 75.406284 | BB39: =IF(BQ39="",0,100*BQ39/MAX($BP:$BT)) -> 45.547129 | BC39: =IF(BR39="",0,100*BR39/MAX($BP:$BT)) -> 27.789816 | BD39: =IF(BS39="",0,100*BS39/MAX($BP:$BT)) -> 50.032503 | BE39: =IF(BT39="",0,100*BT39/MAX($BP:$BT)) -> 16.132178 | BF39: =IF(BU39="",0,100*BU39/MAX($BU:$BX)) -> 0 | BG39: =IF(BV39="",0,100*BV39/MAX($BU:$BX)) -> 0 | BH39: =IF(BW39="",0,100*BW39/MAX($BU:$BX)) -> 0 | BI39: =IF(BX39="",0,100*BX39/MAX($BU:$BX)) -> 49.671978 | BJ39: =IF(BY39="",0,100*BY39/MAX($BY:$BZ)) -> 13.953554 | BK39: =IF(BZ39="",0,100*BZ39/MAX($BY:$BZ)) -> 58.099688 | BL39: =IF(CA39="",0,100*CA39/MAX($CA:$CC)) -> 10.812353 | BM39: =IF(CB39="",0,100*CB39/MAX($CA:$CC)) -> 6.6733803 | BN39: =IF(CC39="",0,100*CC39/MAX($CA:$CC)) -> 20.55052 | BP39: 696 | BQ39: 420.4 | BR39: 256.5 | BS39: 461.8 | BT39: 148.9 | BX39: 530 | BY39: 98.54 | BZ39: 410.3 | CA39: 322.1 | CB39: 198.8 | CC39: 612.2 | CE39: 8.047 | CF39: 8.12 | CG39: 8.777 | CH39: 9.136 | CI39: 10.15 | CM39: 7.4 | CN39: 6.915 | CO39: 6.69 | CP39: 7.983 | CQ39: 7.356 | CR39: 7.772 | CS39: =IF(VLOOKUP($A39,'B-Ligands'!$A:$G,3,FALSE)="","",VLOOKUP($A39,'B-Ligands'!$A:$G,3,FALSE)) -> RFRP-3 | CT39: =IF(VLOOKUP($A39,'B-Ligands'!$A:$G,4,FALSE)="","",VLOOKUP($A39,'B-Ligands'!$A:$G,4,FALSE)) -> Neuropeptide RFRP-3 | CU39: 10.361639 | CV39: 8.3825476 | CW39: 6.7772759 | CX39: 13.547346 | CY39: 9.2723507 | CZ39: 7.2021824 | DA39: 14.02019 | DB39: 8.265528 | DC39: 3.2495302 | DD39: 10.136206 | DE39: 8.3224724 | DF39: 12.931493 | DG39: 2.1427478 | DH39: 9.5391827 | DI39: 20.745805 | DJ39: =IF(BO39="",0,BO39/CU39) -> 0 | DK39: =IF(BP39="",0,BP39/CV39) -> 83.02965 | DL39: =IF(BQ39="",0,BQ39/CW39) -> 62.030823 | DM39: =IF(BR39="",0,BR39/CX39) -> 18.933598 | DN39: =IF(BS39="",0,BS39/CY39) -> 49.803983 | DO39: =IF(BT39="",0,BT39/CZ39) -> 20.674289 | DP39: =IF(BU39="",0,BU39/DA39) -> 0 | DQ39: =IF(BV39="",0,BV39/DB39) -> 0 | ... DX39: =IF(CC39="",0,CC39/DI39) -> 29.50958
A40: CXCR2 | B40: 10.7554/eLife.74101 | C40: =IF(VLOOKUP($A40,'B-Ligands'!$A:$G,5,FALSE)="","",VLOOKUP($A40,'B-Ligands'!$A:$G,5,FALSE)) -> Guide To Pharmacology | D40: =IF(VLOOKUP($A40,'B-Ligands'!$A:$G,6,FALSE)="","",VLOOKUP($A40,'B-Ligands'!$A:$G,6,FALSE)) -> 821 | E40: =IF(VLOOKUP($A40,'B-Ligands'!$A:$G,7,FALSE)="","",VLOOKUP($A40,'B-Ligands'!$A:$G,7,FALSE)) -> Phys | F40: =IF(T40>0,1,"") | G40: =IF(U40>0,1,"") -> 1 | H40: =IF(V40>0,1,"") -> 1 | I40: =IF(W40>0,1,"") | J40: =COUNTIF(L40:O40,">0") -> 2 | K40: =SUBSTITUTE(INDEX(T$1:W$1,1,MATCH(MAX(T40:W40),T40:W40,0)),"-fam","") -> Gi/o | L40: =IF(T40=0,0,_xlfn.RANK.EQ(T40,$T40:$W40,0)) -> 0 | M40: =IF(U40=0,0,_xlfn.RANK.EQ(U40,$T40:$W40,0)) -> 1 | N40: =IF(V40=0,0,_xlfn.RANK.EQ(V40,$T40:$W40,0)) -> 2 | O40: =IF(W40=0,0,_xlfn.RANK.EQ(W40,$T40:$W40,0)) -> 0 | P40: =T40/MAX($T40:$W40)*100 -> 0 | Q40: =U40/MAX($T40:$W40)*100 -> 100 | R40: =V40/MAX($T40:$W40)*100 -> 86.589689 | S40: =W40/MAX($T40:$W40)*100 -> 0 | T40: =AK40 -> 0 | U40: =MAX(AL40:AP40) -> 9.4479331 | V40: =MAX(AQ40:AT40) -> 8.1809359 | W40: =MAX(AU40:AV40) -> 0 | X40: =INDEX(AK$1:AV$1,1,MATCH(MAX(AK40:AV40),AK40:AV40,0)) -> GoB | Y40: =AK40/MAX($AK40:$AV40)*100 -> 0 | Z40: =AL40/MAX($AK40:$AV40)*100 -> 99.375742 | AA40: =AM40/MAX($AK40:$AV40)*100 -> 98.953357 | AB40: =AN40/MAX($AK40:$AV40)*100 -> 96.560387 | AC40: =AO40/MAX($AK40:$AV40)*100 -> 100 | AD40: =AP40/MAX($AK40:$AV40)*100 -> 91.382891 | AE40: =AQ40/MAX($AK40:$AV40)*100 -> 0 | AF40: =AR40/MAX($AK40:$AV40)*100 -> 0 | ... AJ40: =AV40/MAX($AK40:$AV40)*100 -> 0 | AK40: {=_xlfn.IFS(AZ40=0,0,AZ40>0,(LOG(0.01*AZ40/10^-CD40)))} -> 0 | AL40: {=_xlfn.IFS(BA40=0,0,BA40>0,(LOG(0.01*BA40/10^-CE40)))} -> 9.3889536 | AM40: {=_xlfn.IFS(BB40=0,0,BB40>0,(LOG(0.01*BB40/10^-CF40)))} -> 9.349047 | AN40: {=_xlfn.IFS(BC40=0,0,BC40>0,(LOG(0.01*BC40/10^-CG40)))} -> 9.1229608 | AO40: {=_xlfn.IFS(BD40=0,0,BD40>0,(LOG(0.01*BD40/10^-CH40)))} -> 9.4479331 | AP40: {=_xlfn.IFS(BE40=0,0,BE40>0,(LOG(0.01*BE40/10^-CI40)))} -> 8.6337944 | AQ40: {=_xlfn.IFS(BF40=0,0,BF40>0,(LOG(0.01*BF40/10^-CJ40)))} -> 0 | AR40: {=_xlfn.IFS(BG40=0,0,BG40>0,(LOG(0.01*BG40/10^-CK40)))} -> 0 | ... AY40: {=_xlfn.IFS(BN40=0,0,BN40>0,(LOG(0.01*BN40/10^-CR40)))} -> 7.4790814 | AZ40: =IF(BO40="",0,100*BO40/MAX(BO:BO)) -> 0 | BA40: =IF(BP40="",0,100*BP40/MAX($BP:$BT)) -> 49.425785 | BB40: =IF(BQ40="",0,100*BQ40/MAX($BP:$BT)) -> 26.305525 | BC40: =IF(BR40="",0,100*BR40/MAX($BP:$BT)) -> 19.859155 | BD40: =IF(BS40="",0,100*BS40/MAX($BP:$BT)) -> 29.035753 | BE40: =IF(BT40="",0,100*BT40/MAX($BP:$BT)) -> 18.526544 | BF40: =IF(BU40="",0,100*BU40/MAX($BU:$BX)) -> 0 | BG40: =IF(BV40="",0,100*BV40/MAX($BU:$BX)) -> 0 | BH40: =IF(BW40="",0,100*BW40/MAX($BU:$BX)) -> 0 | BI40: =IF(BX40="",0,100*BX40/MAX($BU:$BX)) -> 47.966261 | BJ40: =IF(BY40="",0,100*BY40/MAX($BY:$BZ)) -> 0 | BK40: =IF(BZ40="",0,100*BZ40/MAX($BY:$BZ)) -> 0 | BL40: =IF(CA40="",0,100*CA40/MAX($CA:$CC)) -> 44.008056 | BM40: =IF(CB40="",0,100*CB40/MAX($CA:$CC)) -> 20.627727 | BN40: =IF(CC40="",0,100*CC40/MAX($CA:$CC)) -> 19.956361 | BP40: 456.2 | BQ40: 242.8 | BR40: 183.3 | BS40: 268 | BT40: 171 | BX40: 511.8 | CA40: 1311 | CB40: 614.5 | CC40: 594.5 | CE40: 9.695 | CF40: 9.929 | CG40: 9.825 | CH40: 9.985 | CI40: 9.366 | CM40: 8.5 | CP40: 8.644 | CQ40: 7.977 | CR40: 8.179 | CS40: =IF(VLOOKUP($A40,'B-Ligands'!$A:$G,3,FALSE)="","",VLOOKUP($A40,'B-Ligands'!$A:$G,3,FALSE)) -> CXCL8 | CT40: =IF(VLOOKUP($A40,'B-Ligands'!$A:$G,4,FALSE)="","",VLOOKUP($A40,'B-Ligands'!$A:$G,4,FALSE)) -> Interleukin-8 | CU40: 18.898139 | CV40: 16.855614 | CW40: 28.608621 | CX40: 24.43367 | CY40: 26.782256 | CZ40: 20.302819 | DA40: 16.339331 | DB40: 20.906531 | DC40: 10.581319 | DD40: 9.0253015 | DE40: 12.15454 | DF40: 8.7890934 | DG40: 22.843363 | DH40: 11.209531 | DI40: 22.021116 | DJ40: =IF(BO40="",0,BO40/CU40) -> 0 | DK40: =IF(BP40="",0,BP40/CV40) -> 27.065166 | DL40: =IF(BQ40="",0,BQ40/CW40) -> 8.4869522 | DM40: =IF(BR40="",0,BR40/CX40) -> 7.5019429 | DN40: =IF(BS40="",0,BS40/CY40) -> 10.006625 | DO40: =IF(BT40="",0,BT40/CZ40) -> 8.4224757 | DP40: =IF(BU40="",0,BU40/DA40) -> 0 | DQ40: =IF(BV40="",0,BV40/DB40) -> 0 | ... DX40: =IF(CC40="",0,CC40/DI40) -> 26.996815
A41: CLTR2 | B41: 10.7554/eLife.74101 | C41: =IF(VLOOKUP($A41,'B-Ligands'!$A:$G,5,FALSE)="","",VLOOKUP($A41,'B-Ligands'!$A:$G,5,FALSE)) -> Guide To Pharmacology | D41: =IF(VLOOKUP($A41,'B-Ligands'!$A:$G,6,FALSE)="","",VLOOKUP($A41,'B-Ligands'!$A:$G,6,FALSE)) -> 2487 | E41: =IF(VLOOKUP($A41,'B-Ligands'!$A:$G,7,FALSE)="","",VLOOKUP($A41,'B-Ligands'!$A:$G,7,FALSE)) -> Phys | F41: =IF(T41>0,1,"") | G41: =IF(U41>0,1,"") -> 1 | H41: =IF(V41>0,1,"") -> 1 | I41: =IF(W41>0,1,"") -> 1 | J41: =COUNTIF(L41:O41,">0") -> 3 | K41: =SUBSTITUTE(INDEX(T$1:W$1,1,MATCH(MAX(T41:W41),T41:W41,0)),"-fam","") -> Gq/11 | L41: =IF(T41=0,0,_xlfn.RANK.EQ(T41,$T41:$W41,0)) -> 0 | M41: =IF(U41=0,0,_xlfn.RANK.EQ(U41,$T41:$W41,0)) -> 3 | N41: =IF(V41=0,0,_xlfn.RANK.EQ(V41,$T41:$W41,0)) -> 1 | O41: =IF(W41=0,0,_xlfn.RANK.EQ(W41,$T41:$W41,0)) -> 2 | P41: =T41/MAX($T41:$W41)*100 -> 0 | Q41: =U41/MAX($T41:$W41)*100 -> 90.143709 | R41: =V41/MAX($T41:$W41)*100 -> 100 | S41: =W41/MAX($T41:$W41)*100 -> 94.450284 | T41: =AK41 -> 0 | U41: =MAX(AL41:AP41) -> 8.3709967 | V41: =MAX(AQ41:AT41) -> 9.2862793 | W41: =MAX(AU41:AV41) -> 8.7709172 | X41: =INDEX(AK$1:AV$1,1,MATCH(MAX(AK41:AV41),AK41:AV41,0)) -> G15 | Y41: =AK41/MAX($AK41:$AV41)*100 -> 0 | Z41: =AL41/MAX($AK41:$AV41)*100 -> 74.202681 | AA41: =AM41/MAX($AK41:$AV41)*100 -> 71.256138 | AB41: =AN41/MAX($AK41:$AV41)*100 -> 73.27177 | AC41: =AO41/MAX($AK41:$AV41)*100 -> 80.243352 | AD41: =AP41/MAX($AK41:$AV41)*100 -> 90.143709 | AE41: =AQ41/MAX($AK41:$AV41)*100 -> 91.272232 | AF41: =AR41/MAX($AK41:$AV41)*100 -> 90.056843 | ... AJ41: =AV41/MAX($AK41:$AV41)*100 -> 87.216722 | AK41: {=_xlfn.IFS(AZ41=0,0,AZ41>0,(LOG(0.01*AZ41/10^-CD41)))} -> 0 | AL41: {=_xlfn.IFS(BA41=0,0,BA41>0,(LOG(0.01*BA41/10^-CE41)))} -> 6.8906683 | AM41: {=_xlfn.IFS(BB41=0,0,BB41>0,(LOG(0.01*BB41/10^-CF41)))} -> 6.617044 | AN41: {=_xlfn.IFS(BC41=0,0,BC41>0,(LOG(0.01*BC41/10^-CG41)))} -> 6.8042213 | AO41: {=_xlfn.IFS(BD41=0,0,BD41>0,(LOG(0.01*BD41/10^-CH41)))} -> 7.4516218 | AP41: {=_xlfn.IFS(BE41=0,0,BE41>0,(LOG(0.01*BE41/10^-CI41)))} -> 8.3709967 | AQ41: {=_xlfn.IFS(BF41=0,0,BF41>0,(LOG(0.01*BF41/10^-CJ41)))} -> 8.4757944 | AR41: {=_xlfn.IFS(BG41=0,0,BG41>0,(LOG(0.01*BG41/10^-CK41)))} -> 8.36293 | ... AY41: {=_xlfn.IFS(BN41=0,0,BN41>0,(LOG(0.01*BN41/10^-CR41)))} -> 6.1330238 | AZ41: =IF(BO41="",0,100*BO41/MAX(BO:BO)) -> 0 | BA41: =IF(BP41="",0,100*BP41/MAX($BP:$BT)) -> 51.365114 | BB41: =IF(BQ41="",0,100*BQ41/MAX($BP:$BT)) -> 21.332611 | BC41: =IF(BR41="",0,100*BR41/MAX($BP:$BT)) -> 25.189599 | BD41: =IF(BS41="",0,100*BS41/MAX($BP:$BT)) -> 45.146262 | BE41: =IF(BT41="",0,100*BT41/MAX($BP:$BT)) -> 19.230769 | BF41: =IF(BU41="",0,100*BU41/MAX($BU:$BX)) -> 34.817245 | BG41: =IF(BV41="",0,100*BV41/MAX($BU:$BX)) -> 73.43955 | BH41: =IF(BW41="",0,100*BW41/MAX($BU:$BX)) -> 58.069353 | BI41: =IF(BX41="",0,100*BX41/MAX($BU:$BX)) -> 46.588566 | BJ41: =IF(BY41="",0,100*BY41/MAX($BY:$BZ)) -> 13.76947 | BK41: =IF(BZ41="",0,100*BZ41/MAX($BY:$BZ)) -> 86.335316 | BL41: =IF(CA41="",0,100*CA41/MAX($CA:$CC)) -> 4.1893253 | BM41: =IF(CB41="",0,100*CB41/MAX($CA:$CC)) -> 44.880832 | BN41: =IF(CC41="",0,100*CC41/MAX($CA:$CC)) -> 3.2064451 | BP41: 474.1 | BQ41: 196.9 | BR41: 232.5 | BS41: 416.7 | BT41: 177.5 | BU41: 371.5 | BV41: 783.6 | BW41: 619.6 | BX41: 497.1 | BY41: 97.24 | BZ41: 609.7 | CA41: 124.8 | CB41: 1337 | CC41: 95.52 | CE41: 7.18 | CF41: 7.288 | CG41: 7.403 | CH41: 7.797 | CI41: 9.087 | CJ41: 8.934 | CK41: 8.497 | CL41: 8.972 | CM41: 9.618 | CN41: 9.632 | CO41: 8.163 | CP41: 6.895 | CQ41: 2.875 | CR41: 7.627 | CS41: =IF(VLOOKUP($A41,'B-Ligands'!$A:$G,3,FALSE)="","",VLOOKUP($A41,'B-Ligands'!$A:$G,3,FALSE)) -> LTD4 | CT41: =IF(VLOOKUP($A41,'B-Ligands'!$A:$G,4,FALSE)="","",VLOOKUP($A41,'B-Ligands'!$A:$G,4,FALSE)) -> Leukotriene D4 | CU41: 8.6849371 | CV41: 9.5836311 | CW41: 5.8476287 | CX41: 7.2618564 | CY41: 12.155403 | CZ41: 23.322138 | DA41: 11.984896 | DB41: 7.4716235 | DC41: 12.63694 | DD41: 12.485202 | DE41: 8.4863279 | DF41: 11.824466 | DG41: 15.337768 | DH41: 6.8200849 | DI41: 5.2233958 | DJ41: =IF(BO41="",0,BO41/CU41) -> 0 | DK41: =IF(BP41="",0,BP41/CV41) -> 49.469767 | DL41: =IF(BQ41="",0,BQ41/CW41) -> 33.671769 | DM41: =IF(BR41="",0,BR41/CX41) -> 32.016607 | DN41: =IF(BS41="",0,BS41/CY41) -> 34.281051 | DO41: =IF(BT41="",0,BT41/CZ41) -> 7.6107946 | DP41: =IF(BU41="",0,BU41/DA41) -> 30.997348 | DQ41: =IF(BV41="",0,BV41/DB41) -> 104.8768 | ... DX41: =IF(CC41="",0,CC41/DI41) -> 18.286954
A42: PAR2 | B42: 10.7554/eLife.74101 | C42: =IF(VLOOKUP($A42,'B-Ligands'!$A:$G,5,FALSE)="","",VLOOKUP($A42,'B-Ligands'!$A:$G,5,FALSE)) -> Guide To Pharmacology | D42: =IF(VLOOKUP($A42,'B-Ligands'!$A:$G,6,FALSE)="","",VLOOKUP($A42,'B-Ligands'!$A:$G,6,FALSE)) -> 3740 | E42: =IF(VLOOKUP($A42,'B-Ligands'!$A:$G,7,FALSE)="","",VLOOKUP($A42,'B-Ligands'!$A:$G,7,FALSE)) -> Phys | F42: =IF(T42>0,1,"") | G42: =IF(U42>0,1,"") -> 1 | H42: =IF(V42>0,1,"") -> 1 | I42: =IF(W42>0,1,"") -> 1 | J42: =COUNTIF(L42:O42,">0") -> 3 | K42: =SUBSTITUTE(INDEX(T$1:W$1,1,MATCH(MAX(T42:W42),T42:W42,0)),"-fam","") -> G12/13 | L42: =IF(T42=0,0,_xlfn.RANK.EQ(T42,$T42:$W42,0)) -> 0 | M42: =IF(U42=0,0,_xlfn.RANK.EQ(U42,$T42:$W42,0)) -> 2 | N42: =IF(V42=0,0,_xlfn.RANK.EQ(V42,$T42:$W42,0)) -> 3 | O42: =IF(W42=0,0,_xlfn.RANK.EQ(W42,$T42:$W42,0)) -> 1 | P42: =T42/MAX($T42:$W42)*100 -> 0 | Q42: =U42/MAX($T42:$W42)*100 -> 89.378174 | R42: =V42/MAX($T42:$W42)*100 -> 85.603766 | S42: =W42/MAX($T42:$W42)*100 -> 100 | T42: =AK42 -> 0 | U42: =MAX(AL42:AP42) -> 5.8605409 | V42: =MAX(AQ42:AT42) -> 5.6130524 | W42: =MAX(AU42:AV42) -> 6.5570157 | X42: =INDEX(AK$1:AV$1,1,MATCH(MAX(AK42:AV42),AK42:AV42,0)) -> G12 | Y42: =AK42/MAX($AK42:$AV42)*100 -> 0 | Z42: =AL42/MAX($AK42:$AV42)*100 -> 78.444376 | AA42: =AM42/MAX($AK42:$AV42)*100 -> 79.217169 | AB42: =AN42/MAX($AK42:$AV42)*100 -> 79.646875 | AC42: =AO42/MAX($AK42:$AV42)*100 -> 89.378174 | AD42: =AP42/MAX($AK42:$AV42)*100 -> 84.398625 | AE42: =AQ42/MAX($AK42:$AV42)*100 -> 70.657056 | AF42: =AR42/MAX($AK42:$AV42)*100 -> 85.603766 | ... AJ42: =AV42/MAX($AK42:$AV42)*100 -> 97.442574 | AK42: {=_xlfn.IFS(AZ42=0,0,AZ42>0,(LOG(0.01*AZ42/10^-CD42)))} -> 0 | AL42: {=_xlfn.IFS(BA42=0,0,BA42>0,(LOG(0.01*BA42/10^-CE42)))} -> 5.1436101 | AM42: {=_xlfn.IFS(BB42=0,0,BB42>0,(LOG(0.01*BB42/10^-CF42)))} -> 5.1942823 | AN42: {=_xlfn.IFS(BC42=0,0,BC42>0,(LOG(0.01*BC42/10^-CG42)))} -> 5.2224581 | AO42: {=_xlfn.IFS(BD42=0,0,BD42>0,(LOG(0.01*BD42/10^-CH42)))} -> 5.8605409 | AP42: {=_xlfn.IFS(BE42=0,0,BE42>0,(LOG(0.01*BE42/10^-CI42)))} -> 5.5340311 | AQ42: {=_xlfn.IFS(BF42=0,0,BF42>0,(LOG(0.01*BF42/10^-CJ42)))} -> 4.6329943 | AR42: {=_xlfn.IFS(BG42=0,0,BG42>0,(LOG(0.01*BG42/10^-CK42)))} -> 5.6130524 | ... AY42: {=_xlfn.IFS(BN42=0,0,BN42>0,(LOG(0.01*BN42/10^-CR42)))} -> 3.9642384 | AZ42: =IF(BO42="",0,100*BO42/MAX(BO:BO)) -> 0 | BA42: =IF(BP42="",0,100*BP42/MAX($BP:$BT)) -> 67.23727 | BB42: =IF(BQ42="",0,100*BQ42/MAX($BP:$BT)) -> 35.341278 | BC42: =IF(BR42="",0,100*BR42/MAX($BP:$BT)) -> 23.521127 | BD42: =IF(BS42="",0,100*BS42/MAX($BP:$BT)) -> 34.637053 | BE42: =IF(BT42="",0,100*BT42/MAX($BP:$BT)) -> 20.325027 | BF42: =IF(BU42="",0,100*BU42/MAX($BU:$BX)) -> 28.444236 | BG42: =IF(BV42="",0,100*BV42/MAX($BU:$BX)) -> 45.29522 | BH42: =IF(BW42="",0,100*BW42/MAX($BU:$BX)) -> 39.240862 | BI42: =IF(BX42="",0,100*BX42/MAX($BU:$BX)) -> 46.654171 | BJ42: =IF(BY42="",0,100*BY42/MAX($BY:$BZ)) -> 5.8751062 | BK42: =IF(BZ42="",0,100*BZ42/MAX($BY:$BZ)) -> 33.290852 | BL42: =IF(CA42="",0,100*CA42/MAX($CA:$CC)) -> 28.90903 | BM42: =IF(CB42="",0,100*CB42/MAX($CA:$CC)) -> 25.72004 | BN42: =IF(CC42="",0,100*CC42/MAX($CA:$CC)) -> 16.414904 | BP42: 620.6 | BQ42: 326.2 | BR42: 217.1 | BS42: 319.7 | BT42: 187.6 | BU42: 303.5 | BV42: 483.3 | BW42: 418.7 | BX42: 497.8 | BY42: 41.49 | BZ42: 235.1 | CA42: 861.2 | CB42: 766.2 | CC42: 489 | CE42: 5.316 | CF42: 5.646 | CG42: 5.851 | CH42: 6.321 | CI42: 6.226 | CJ42: 5.179 | CK42: 5.957 | CL42: 5.464 | CM42: 5.807 | CN42: 7.788 | CO42: 6.867 | CP42: 4.647 | CQ42: 4.631 | CR42: 4.749 | CS42: =IF(VLOOKUP($A42,'B-Ligands'!$A:$G,3,FALSE)="","",VLOOKUP($A42,'B-Ligands'!$A:$G,3,FALSE)) | CT42: =IF(VLOOKUP($A42,'B-Ligands'!$A:$G,4,FALSE)="","",VLOOKUP($A42,'B-Ligands'!$A:$G,4,FALSE)) -> PAR2 peptide | CU42: 10.992364 | CV42: 16.167303 | CW42: 6.2408164 | CX42: 11.3353 | CY42: 5.638443 | CZ42: 15.041811 | DA42: 6.2832981 | DB42: 10.544098 | DC42: 9.503115 | DD42: 12.563628 | DE42: 3.868458 | DF42: 6.7302886 | DG42: 13.829201 | DH42: 0.20525596 | DI42: 26.242215 | DJ42: =IF(BO42="",0,BO42/CU42) -> 0 | DK42: =IF(BP42="",0,BP42/CV42) -> 38.386118 | DL42: =IF(BQ42="",0,BQ42/CW42) -> 52.268803 | DM42: =IF(BR42="",0,BR42/CX42) -> 19.15256 | DN42: =IF(BS42="",0,BS42/CY42) -> 56.70005 | DO42: =IF(BT42="",0,BT42/CZ42) -> 12.471903 | DP42: =IF(BU42="",0,BU42/DA42) -> 48.302658 | DQ42: =IF(BV42="",0,BV42/DB42) -> 45.836068 | ... DX42: =IF(CC42="",0,CC42/DI42) -> 18.634098
A43: GRM5 | B43: 10.7554/eLife.74101 | C43: =IF(VLOOKUP($A43,'B-Ligands'!$A:$G,5,FALSE)="","",VLOOKUP($A43,'B-Ligands'!$A:$G,5,FALSE)) -> Guide To Pharmacology | D43: =IF(VLOOKUP($A43,'B-Ligands'!$A:$G,6,FALSE)="","",VLOOKUP($A43,'B-Ligands'!$A:$G,6,FALSE)) -> 1369 | E43: =IF(VLOOKUP($A43,'B-Ligands'!$A:$G,7,FALSE)="","",VLOOKUP($A43,'B-Ligands'!$A:$G,7,FALSE)) -> Phys | F43: =IF(T43>0,1,"") | G43: =IF(U43>0,1,"") -> 1 | H43: =IF(V43>0,1,"") -> 1 | I43: =IF(W43>0,1,"") | J43: =COUNTIF(L43:O43,">0") -> 2 | K43: =SUBSTITUTE(INDEX(T$1:W$1,1,MATCH(MAX(T43:W43),T43:W43,0)),"-fam","") -> Gq/11 | L43: =IF(T43=0,0,_xlfn.RANK.EQ(T43,$T43:$W43,0)) -> 0 | M43: =IF(U43=0,0,_xlfn.RANK.EQ(U43,$T43:$W43,0)) -> 2 | N43: =IF(V43=0,0,_xlfn.RANK.EQ(V43,$T43:$W43,0)) -> 1 | O43: =IF(W43=0,0,_xlfn.RANK.EQ(W43,$T43:$W43,0)) -> 0 | P43: =T43/MAX($T43:$W43)*100 -> 0 | Q43: =U43/MAX($T43:$W43)*100 -> 90.685989 | R43: =V43/MAX($T43:$W43)*100 -> 100 | S43: =W43/MAX($T43:$W43)*100 -> 0 | T43: =AK43 -> 0 | U43: =MAX(AL43:AP43) -> 5.2878517 | V43: =MAX(AQ43:AT43) -> 5.8309467 | W43: =MAX(AU43:AV43) -> 0 | X43: =INDEX(AK$1:AV$1,1,MATCH(MAX(AK43:AV43),AK43:AV43,0)) -> G15 | Y43: =AK43/MAX($AK43:$AV43)*100 -> 0 | Z43: =AL43/MAX($AK43:$AV43)*100 -> 90.685989 | AA43: =AM43/MAX($AK43:$AV43)*100 -> 85.802104 | AB43: =AN43/MAX($AK43:$AV43)*100 -> 85.615522 | AC43: =AO43/MAX($AK43:$AV43)*100 -> 84.098092 | AD43: =AP43/MAX($AK43:$AV43)*100 -> 80.542329 | AE43: =AQ43/MAX($AK43:$AV43)*100 -> 94.833304 | AF43: =AR43/MAX($AK43:$AV43)*100 -> 95.82451 | ... AJ43: =AV43/MAX($AK43:$AV43)*100 -> 0 | AK43: {=_xlfn.IFS(AZ43=0,0,AZ43>0,(LOG(0.01*AZ43/10^-CD43)))} -> 0 | AL43: {=_xlfn.IFS(BA43=0,0,BA43>0,(LOG(0.01*BA43/10^-CE43)))} -> 5.2878517 | AM43: {=_xlfn.IFS(BB43=0,0,BB43>0,(LOG(0.01*BB43/10^-CF43)))} -> 5.0030749 | AN43: {=_xlfn.IFS(BC43=0,0,BC43>0,(LOG(0.01*BC43/10^-CG43)))} -> 4.9921954 | AO43: {=_xlfn.IFS(BD43=0,0,BD43>0,(LOG(0.01*BD43/10^-CH43)))} -> 4.9037149 | AP43: {=_xlfn.IFS(BE43=0,0,BE43>0,(LOG(0.01*BE43/10^-CI43)))} -> 4.6963803 | AQ43: {=_xlfn.IFS(BF43=0,0,BF43>0,(LOG(0.01*BF43/10^-CJ43)))} -> 5.5296794 | AR43: {=_xlfn.IFS(BG43=0,0,BG43>0,(LOG(0.01*BG43/10^-CK43)))} -> 5.5874761 | ... AY43: {=_xlfn.IFS(BN43=0,0,BN43>0,(LOG(0.01*BN43/10^-CR43)))} -> 0 | AZ43: =IF(BO43="",0,100*BO43/MAX(BO:BO)) -> 0 | BA43: =IF(BP43="",0,100*BP43/MAX($BP:$BT)) -> 53.315276 | BB43: =IF(BQ43="",0,100*BQ43/MAX($BP:$BT)) -> 26.186349 | BC43: =IF(BR43="",0,100*BR43/MAX($BP:$BT)) -> 17.226436 | BD43: =IF(BS43="",0,100*BS43/MAX($BP:$BT)) -> 24.929577 | BE43: =IF(BT43="",0,100*BT43/MAX($BP:$BT)) -> 12.513543 | BF43: =IF(BU43="",0,100*BU43/MAX($BU:$BX)) -> 15.370197 | BG43: =IF(BV43="",0,100*BV43/MAX($BU:$BX)) -> 24.461106 | BH43: =IF(BW43="",0,100*BW43/MAX($BU:$BX)) -> 23.336457 | BI43: =IF(BX43="",0,100*BX43/MAX($BU:$BX)) -> 46.232427 | BJ43: =IF(BY43="",0,100*BY43/MAX($BY:$BZ)) -> 0 | BK43: =IF(BZ43="",0,100*BZ43/MAX($BY:$BZ)) -> 0 | BL43: =IF(CA43="",0,100*CA43/MAX($CA:$CC)) -> 0 | BM43: =IF(CB43="",0,100*CB43/MAX($CA:$CC)) -> 0.33568312 | BN43: =IF(CC43="",0,100*CC43/MAX($CA:$CC)) -> 0 | BP43: 492.1 | BQ43: 241.7 | BR43: 159 | BS43: 230.1 | BT43: 115.5 | BU43: 164 | BV43: 261 | BW43: 249 | BX43: 493.3 | CB43: 10 | CE43: 5.561 | CF43: 5.585 | CG43: 5.756 | CH43: 5.507 | CI43: 5.599 | CJ43: 6.343 | CK43: 6.199 | CL43: 5.506 | CM43: 6.166 | CQ43: 5.6 | CS43: =IF(VLOOKUP($A43,'B-Ligands'!$A:$G,3,FALSE)="","",VLOOKUP($A43,'B-Ligands'!$A:$G,3,FALSE)) | CT43: =IF(VLOOKUP($A43,'B-Ligands'!$A:$G,4,FALSE)="","",VLOOKUP($A43,'B-Ligands'!$A:$G,4,FALSE)) -> Glutamate | CU43: 2.3679505 | CV43: 13.562016 | CW43: 6.2072196 | CX43: 7.2149553 | CY43: 3.8745538 | CZ43: 11.419747 | DA43: 5.6337123 | DB43: 9.3073536 | DC43: 5.4217115 | DD43: 20.358589 | DE43: 21.572799 | DF43: 24.265996 | DG43: 14.906705 | DH43: 6.1948275 | DI43: 20.368935 | DJ43: =IF(BO43="",0,BO43/CU43) -> 0 | DK43: =IF(BP43="",0,BP43/CV43) -> 36.285166 | DL43: =IF(BQ43="",0,BQ43/CW43) -> 38.938529 | DM43: =IF(BR43="",0,BR43/CX43) -> 22.037558 | DN43: =IF(BS43="",0,BS43/CY43) -> 59.387483 | DO43: =IF(BT43="",0,BT43/CZ43) -> 10.114059 | DP43: =IF(BU43="",0,BU43/DA43) -> 29.110468 | DQ43: =IF(BV43="",0,BV43/DB43) -> 28.042343 | ... DX43: =IF(CC43="",0,CC43/DI43) -> 0
A44: LPAR2 | B44: 10.7554/eLife.74101 | C44: =IF(VLOOKUP($A44,'B-Ligands'!$A:$G,5,FALSE)="","",VLOOKUP($A44,'B-Ligands'!$A:$G,5,FALSE)) -> Guide To Pharmacology | D44: =IF(VLOOKUP($A44,'B-Ligands'!$A:$G,6,FALSE)="","",VLOOKUP($A44,'B-Ligands'!$A:$G,6,FALSE)) -> 2936 | E44: =IF(VLOOKUP($A44,'B-Ligands'!$A:$G,7,FALSE)="","",VLOOKUP($A44,'B-Ligands'!$A:$G,7,FALSE)) -> Phys | F44: =IF(T44>0,1,"") | G44: =IF(U44>0,1,"") -> 1 | H44: =IF(V44>0,1,"") -> 1 | I44: =IF(W44>0,1,"") -> 1 | J44: =COUNTIF(L44:O44,">0") -> 3 | K44: =SUBSTITUTE(INDEX(T$1:W$1,1,MATCH(MAX(T44:W44),T44:W44,0)),"-fam","") -> Gi/o | L44: =IF(T44=0,0,_xlfn.RANK.EQ(T44,$T44:$W44,0)) -> 0 | M44: =IF(U44=0,0,_xlfn.RANK.EQ(U44,$T44:$W44,0)) -> 1 | N44: =IF(V44=0,0,_xlfn.RANK.EQ(V44,$T44:$W44,0)) -> 3 | O44: =IF(W44=0,0,_xlfn.RANK.EQ(W44,$T44:$W44,0)) -> 2 | P44: =T44/MAX($T44:$W44)*100 -> 0 | Q44: =U44/MAX($T44:$W44)*100 -> 100 | R44: =V44/MAX($T44:$W44)*100 -> 81.025515 | S44: =W44/MAX($T44:$W44)*100 -> 96.777313 | T44: =AK44 -> 0 | U44: =MAX(AL44:AP44) -> 8.4547334 | V44: =MAX(AQ44:AT44) -> 6.8504913 | W44: =MAX(AU44:AV44) -> 8.1822638 | X44: =INDEX(AK$1:AV$1,1,MATCH(MAX(AK44:AV44),AK44:AV44,0)) -> GoB | Y44: =AK44/MAX($AK44:$AV44)*100 -> 0 | Z44: =AL44/MAX($AK44:$AV44)*100 -> 94.177793 | AA44: =AM44/MAX($AK44:$AV44)*100 -> 95.190625 | AB44: =AN44/MAX($AK44:$AV44)*100 -> 90.902642 | AC44: =AO44/MAX($AK44:$AV44)*100 -> 100 | AD44: =AP44/MAX($AK44:$AV44)*100 -> 85.048439 | AE44: =AQ44/MAX($AK44:$AV44)*100 -> 79.54742 | AF44: =AR44/MAX($AK44:$AV44)*100 -> 78.444704 | ... AJ44: =AV44/MAX($AK44:$AV44)*100 -> 96.777313 | AK44: {=_xlfn.IFS(AZ44=0,0,AZ44>0,(LOG(0.01*AZ44/10^-CD44)))} -> 0 | AL44: {=_xlfn.IFS(BA44=0,0,BA44>0,(LOG(0.01*BA44/10^-CE44)))} -> 7.9624814 | AM44: {=_xlfn.IFS(BB44=0,0,BB44>0,(LOG(0.01*BB44/10^-CF44)))} -> 8.0481136 | AN44: {=_xlfn.IFS(BC44=0,0,BC44>0,(LOG(0.01*BC44/10^-CG44)))} -> 7.6855761 | AO44: {=_xlfn.IFS(BD44=0,0,BD44>0,(LOG(0.01*BD44/10^-CH44)))} -> 8.4547334 | AP44: {=_xlfn.IFS(BE44=0,0,BE44>0,(LOG(0.01*BE44/10^-CI44)))} -> 7.1906188 | AQ44: {=_xlfn.IFS(BF44=0,0,BF44>0,(LOG(0.01*BF44/10^-CJ44)))} -> 6.7255223 | AR44: {=_xlfn.IFS(BG44=0,0,BG44>0,(LOG(0.01*BG44/10^-CK44)))} -> 6.6322906 | ... AY44: {=_xlfn.IFS(BN44=0,0,BN44>0,(LOG(0.01*BN44/10^-CR44)))} -> 6.5765488 | AZ44: =IF(BO44="",0,100*BO44/MAX(BO:BO)) -> 0 | BA44: =IF(BP44="",0,100*BP44/MAX($BP:$BT)) -> 33.921993 | BB44: =IF(BQ44="",0,100*BQ44/MAX($BP:$BT)) -> 37.334778 | BC44: =IF(BR44="",0,100*BR44/MAX($BP:$BT)) -> 22.058505 | BD44: =IF(BS44="",0,100*BS44/MAX($BP:$BT)) -> 26.652221 | BE44: =IF(BT44="",0,100*BT44/MAX($BP:$BT)) -> 4.9274106 | BF44: =IF(BU44="",0,100*BU44/MAX($BU:$BX)) -> 28.088097 | BG44: =IF(BV44="",0,100*BV44/MAX($BU:$BX)) -> 37.956888 | BH44: =IF(BW44="",0,100*BW44/MAX($BU:$BX)) -> 31.368322 | BI44: =IF(BX44="",0,100*BX44/MAX($BU:$BX)) -> 45.988754 | BJ44: =IF(BY44="",0,100*BY44/MAX($BY:$BZ)) -> 0 | BK44: =IF(BZ44="",0,100*BZ44/MAX($BY:$BZ)) -> 10.870858 | BL44: =IF(CA44="",0,100*CA44/MAX($CA:$CC)) -> 24.008056 | BM44: =IF(CB44="",0,100*CB44/MAX($CA:$CC)) -> 16.73716 | BN44: =IF(CC44="",0,100*CC44/MAX($CA:$CC)) -> 31.517288 | BP44: 313.1 | BQ44: 344.6 | BR44: 203.6 | BS44: 246 | BT44: 45.48 | BU44: 299.7 | BV44: 405 | BW44: 334.7 | BX44: 490.7 | BZ44: 76.77 | CA44: 715.2 | CB44: 498.6 | CC44: 938.9 | CE44: 8.432 | CF44: 8.476 | CG44: 8.342 | CH44: 9.029 | CI44: 8.498 | CJ44: 7.277 | CK44: 7.053 | CL44: 7.354 | CM44: 6.479 | CO44: 9.146 | CP44: 6.773 | CQ44: 6.619 | CR44: 7.078 | CS44: =IF(VLOOKUP($A44,'B-Ligands'!$A:$G,3,FALSE)="","",VLOOKUP($A44,'B-Ligands'!$A:$G,3,FALSE)) -> O-LPA | CT44: =IF(VLOOKUP($A44,'B-Ligands'!$A:$G,4,FALSE)="","",VLOOKUP($A44,'B-Ligands'!$A:$G,4,FALSE)) -> Lysophosphatidic acid | CU44: 19.114212 | CV44: 2.2146521 | CW44: 9.4987624 | CX44: 1.7398058 | CY44: 17.980835 | CZ44: 7.9624729 | DA44: 5.497555 | DB44: 11.357934 | DC44: 8.5106322 | DD44: 5.554481 | DE44: 4.1463306 | DF44: 4.7016239 | DG44: 2.1757132 | DH44: 12.702517 | DI44: 4.7089818 | DJ44: =IF(BO44="",0,BO44/CU44) -> 0 | DK44: =IF(BP44="",0,BP44/CV44) -> 141.37661 | DL44: =IF(BQ44="",0,BQ44/CW44) -> 36.27841 | DM44: =IF(BR44="",0,BR44/CX44) -> 117.02456 | DN44: =IF(BS44="",0,BS44/CY44) -> 13.681234 | DO44: =IF(BT44="",0,BT44/CZ44) -> 5.7117934 | DP44: =IF(BU44="",0,BU44/DA44) -> 54.515143 | DQ44: =IF(BV44="",0,BV44/DB44) -> 35.657893 | ... DX44: =IF(CC44="",0,CC44/DI44) -> 199.38493
A45: FFAR4 | B45: 10.7554/eLife.74101 | C45: =IF(VLOOKUP($A45,'B-Ligands'!$A:$G,5,FALSE)="","",VLOOKUP($A45,'B-Ligands'!$A:$G,5,FALSE)) -> Guide To Pharmacology | D45: =IF(VLOOKUP($A45,'B-Ligands'!$A:$G,6,FALSE)="","",VLOOKUP($A45,'B-Ligands'!$A:$G,6,FALSE)) -> 1049 | E45: =IF(VLOOKUP($A45,'B-Ligands'!$A:$G,7,FALSE)="","",VLOOKUP($A45,'B-Ligands'!$A:$G,7,FALSE)) -> Phys | F45: =IF(T45>0,1,"") | G45: =IF(U45>0,1,"") -> 1 | H45: =IF(V45>0,1,"") -> 1 | I45: =IF(W45>0,1,"") -> 1 | J45: =COUNTIF(L45:O45,">0") -> 3 | K45: =SUBSTITUTE(INDEX(T$1:W$1,1,MATCH(MAX(T45:W45),T45:W45,0)),"-fam","") -> Gq/11 | L45: =IF(T45=0,0,_xlfn.RANK.EQ(T45,$T45:$W45,0)) -> 0 | M45: =IF(U45=0,0,_xlfn.RANK.EQ(U45,$T45:$W45,0)) -> 2 | N45: =IF(V45=0,0,_xlfn.RANK.EQ(V45,$T45:$W45,0)) -> 1 | O45: =IF(W45=0,0,_xlfn.RANK.EQ(W45,$T45:$W45,0)) -> 3 | P45: =T45/MAX($T45:$W45)*100 -> 0 | Q45: =U45/MAX($T45:$W45)*100 -> 92.272028 | R45: =V45/MAX($T45:$W45)*100 -> 100 | S45: =W45/MAX($T45:$W45)*100 -> 77.786613 | T45: =AK45 -> 0 | U45: =MAX(AL45:AP45) -> 4.7815237 | V45: =MAX(AQ45:AT45) -> 5.1819861 | W45: =MAX(AU45:AV45) -> 4.0308915 | X45: =INDEX(AK$1:AV$1,1,MATCH(MAX(AK45:AV45),AK45:AV45,0)) -> G15 | Y45: =AK45/MAX($AK45:$AV45)*100 -> 0 | Z45: =AL45/MAX($AK45:$AV45)*100 -> 90.708347 | AA45: =AM45/MAX($AK45:$AV45)*100 -> 90.956257 | AB45: =AN45/MAX($AK45:$AV45)*100 -> 85.664336 | AC45: =AO45/MAX($AK45:$AV45)*100 -> 92.272028 | AD45: =AP45/MAX($AK45:$AV45)*100 -> 0 | AE45: =AQ45/MAX($AK45:$AV45)*100 -> 84.239542 | AF45: =AR45/MAX($AK45:$AV45)*100 -> 86.953656 | ... AJ45: =AV45/MAX($AK45:$AV45)*100 -> 77.786613 | AK45: {=_xlfn.IFS(AZ45=0,0,AZ45>0,(LOG(0.01*AZ45/10^-CD45)))} -> 0 | AL45: {=_xlfn.IFS(BA45=0,0,BA45>0,(LOG(0.01*BA45/10^-CE45)))} -> 4.7004939 | AM45: {=_xlfn.IFS(BB45=0,0,BB45>0,(LOG(0.01*BB45/10^-CF45)))} -> 4.7133406 | AN45: {=_xlfn.IFS(BC45=0,0,BC45>0,(LOG(0.01*BC45/10^-CG45)))} -> 4.439114 | AO45: {=_xlfn.IFS(BD45=0,0,BD45>0,(LOG(0.01*BD45/10^-CH45)))} -> 4.7815237 | AP45: {=_xlfn.IFS(BE45=0,0,BE45>0,(LOG(0.01*BE45/10^-CI45)))} -> 0 | AQ45: {=_xlfn.IFS(BF45=0,0,BF45>0,(LOG(0.01*BF45/10^-CJ45)))} -> 4.3652814 | AR45: {=_xlfn.IFS(BG45=0,0,BG45>0,(LOG(0.01*BG45/10^-CK45)))} -> 4.5059264 | ... AY45: {=_xlfn.IFS(BN45=0,0,BN45>0,(LOG(0.01*BN45/10^-CR45)))} -> 4.3935385 | AZ45: =IF(BO45="",0,100*BO45/MAX(BO:BO)) -> 0 | BA45: =IF(BP45="",0,100*BP45/MAX($BP:$BT)) -> 3.7887324 | BB45: =IF(BQ45="",0,100*BQ45/MAX($BP:$BT)) -> 2.5254605 | BC45: =IF(BR45="",0,100*BR45/MAX($BP:$BT)) -> 6.936078 | BD45: =IF(BS45="",0,100*BS45/MAX($BP:$BT)) -> 3.2773564 | BE45: =IF(BT45="",0,100*BT45/MAX($BP:$BT)) -> 0 | BF45: =IF(BU45="",0,100*BU45/MAX($BU:$BX)) -> 18.547329 | BG45: =IF(BV45="",0,100*BV45/MAX($BU:$BX)) -> 26.972821 | BH45: =IF(BW45="",0,100*BW45/MAX($BU:$BX)) -> 27.853796 | BI45: =IF(BX45="",0,100*BX45/MAX($BU:$BX)) -> 44.564199 | BJ45: =IF(BY45="",0,100*BY45/MAX($BY:$BZ)) -> 0 | BK45: =IF(BZ45="",0,100*BZ45/MAX($BY:$BZ)) -> 16.978193 | BL45: =IF(CA45="",0,100*CA45/MAX($CA:$CC)) -> 36.522323 | BM45: =IF(CB45="",0,100*CB45/MAX($CA:$CC)) -> 33.340047 | BN45: =IF(CC45="",0,100*CC45/MAX($CA:$CC)) -> 33.5381 | BP45: 34.97 | BQ45: 23.31 | BR45: 64.02 | BS45: 30.25 | BU45: 197.9 | BV45: 287.8 | BW45: 297.2 | BX45: 475.5 | BZ45: 119.9 | CA45: 1088 | CB45: 993.2 | CC45: 999.1 | CE45: 6.122 | CF45: 6.311 | CG45: 5.598 | CH45: 6.266 | CJ45: 5.097 | CK45: 5.075 | CL45: 5.505 | CM45: 5.533 | CO45: 4.801 | CP45: 4.697 | CQ45: 4.943 | CR45: 4.868 | CS45: =IF(VLOOKUP($A45,'B-Ligands'!$A:$G,3,FALSE)="","",VLOOKUP($A45,'B-Ligands'!$A:$G,3,FALSE)) | CT45: =IF(VLOOKUP($A45,'B-Ligands'!$A:$G,4,FALSE)="","",VLOOKUP($A45,'B-Ligands'!$A:$G,4,FALSE)) -> α-linolenic acid | CU45: 7.1325576 | CV45: 6.7137629 | CW45: 4.3721228 | CX45: 6.0633155 | CY45: 6.0952932 | CZ45: 5.8112453 | DA45: 23.352241 | DB45: 23.92678 | DC45: 16.258166 | DD45: 14.446376 | DE45: 12.003454 | DF45: 11.081135 | DG45: 25.556013 | DH45: 12.370706 | DI45: 11.320263 | DJ45: =IF(BO45="",0,BO45/CU45) -> 0 | DK45: =IF(BP45="",0,BP45/CV45) -> 5.2087035 | DL45: =IF(BQ45="",0,BQ45/CW45) -> 5.3315063 | DM45: =IF(BR45="",0,BR45/CX45) -> 10.55858 | DN45: =IF(BS45="",0,BS45/CY45) -> 4.9628457 | DO45: =IF(BT45="",0,BT45/CZ45) -> 0 | DP45: =IF(BU45="",0,BU45/DA45) -> 8.4745612 | DQ45: =IF(BV45="",0,BV45/DB45) -> 12.028363 | ... DX45: =IF(CC45="",0,CC45/DI45) -> 88.257666
A46: GLP1R | B46: 10.7554/eLife.74101 | C46: =IF(VLOOKUP($A46,'B-Ligands'!$A:$G,5,FALSE)="","",VLOOKUP($A46,'B-Ligands'!$A:$G,5,FALSE)) -> Guide To Pharmacology | D46: =IF(VLOOKUP($A46,'B-Ligands'!$A:$G,6,FALSE)="","",VLOOKUP($A46,'B-Ligands'!$A:$G,6,FALSE)) -> 3544 | E46: =IF(VLOOKUP($A46,'B-Ligands'!$A:$G,7,FALSE)="","",VLOOKUP($A46,'B-Ligands'!$A:$G,7,FALSE)) -> Phys | F46: =IF(T46>0,1,"") -> 1 | G46: =IF(U46>0,1,"") -> 1 | H46: =IF(V46>0,1,"") -> 1 | I46: =IF(W46>0,1,"") -> 1 | J46: =COUNTIF(L46:O46,">0") -> 4 | K46: =SUBSTITUTE(INDEX(T$1:W$1,1,MATCH(MAX(T46:W46),T46:W46,0)),"-fam","") -> Gs | L46: =IF(T46=0,0,_xlfn.RANK.EQ(T46,$T46:$W46,0)) -> 1 | M46: =IF(U46=0,0,_xlfn.RANK.EQ(U46,$T46:$W46,0)) -> 2 | N46: =IF(V46=0,0,_xlfn.RANK.EQ(V46,$T46:$W46,0)) -> 3 | O46: =IF(W46=0,0,_xlfn.RANK.EQ(W46,$T46:$W46,0)) -> 4 | P46: =T46/MAX($T46:$W46)*100 -> 100 | Q46: =U46/MAX($T46:$W46)*100 -> 81.755775 | R46: =V46/MAX($T46:$W46)*100 -> 77.573142 | S46: =W46/MAX($T46:$W46)*100 -> 71.429449 | T46: =AK46 -> 10.585127 | U46: =MAX(AL46:AP46) -> 8.6539526 | V46: =MAX(AQ46:AT46) -> 8.2112156 | W46: =MAX(AU46:AV46) -> 7.560898 | X46: =INDEX(AK$1:AV$1,1,MATCH(MAX(AK46:AV46),AK46:AV46,0)) -> GsL | Y46: =AK46/MAX($AK46:$AV46)*100 -> 100 | Z46: =AL46/MAX($AK46:$AV46)*100 -> 66.518265 | AA46: =AM46/MAX($AK46:$AV46)*100 -> 63.604715 | AB46: =AN46/MAX($AK46:$AV46)*100 -> 70.945287 | AC46: =AO46/MAX($AK46:$AV46)*100 -> 76.67452 | AD46: =AP46/MAX($AK46:$AV46)*100 -> 81.755775 | AE46: =AQ46/MAX($AK46:$AV46)*100 -> 0 | AF46: =AR46/MAX($AK46:$AV46)*100 -> 0 | ... AJ46: =AV46/MAX($AK46:$AV46)*100 -> 71.429449 | AK46: {=_xlfn.IFS(AZ46=0,0,AZ46>0,(LOG(0.01*AZ46/10^-CD46)))} -> 10.585127 | AL46: {=_xlfn.IFS(BA46=0,0,BA46>0,(LOG(0.01*BA46/10^-CE46)))} -> 7.0410429 | AM46: {=_xlfn.IFS(BB46=0,0,BB46>0,(LOG(0.01*BB46/10^-CF46)))} -> 6.7326399 | AN46: {=_xlfn.IFS(BC46=0,0,BC46>0,(LOG(0.01*BC46/10^-CG46)))} -> 7.5096488 | AO46: {=_xlfn.IFS(BD46=0,0,BD46>0,(LOG(0.01*BD46/10^-CH46)))} -> 8.1160954 | AP46: {=_xlfn.IFS(BE46=0,0,BE46>0,(LOG(0.01*BE46/10^-CI46)))} -> 8.6539526 | AQ46: {=_xlfn.IFS(BF46=0,0,BF46>0,(LOG(0.01*BF46/10^-CJ46)))} -> 0 | AR46: {=_xlfn.IFS(BG46=0,0,BG46>0,(LOG(0.01*BG46/10^-CK46)))} -> 0 | ... AY46: {=_xlfn.IFS(BN46=0,0,BN46>0,(LOG(0.01*BN46/10^-CR46)))} -> 7.9495243 | AZ46: =IF(BO46="",0,100*BO46/MAX(BO:BO)) -> 92.28414 | BA46: =IF(BP46="",0,100*BP46/MAX($BP:$BT)) -> 4.9664139 | BB46: =IF(BQ46="",0,100*BQ46/MAX($BP:$BT)) -> 2.0260022 | BC46: =IF(BR46="",0,100*BR46/MAX($BP:$BT)) -> 9.8548212 | BD46: =IF(BS46="",0,100*BS46/MAX($BP:$BT)) -> 18.754063 | BE46: =IF(BT46="",0,100*BT46/MAX($BP:$BT)) -> 2.716143 | BF46: =IF(BU46="",0,100*BU46/MAX($BU:$BX)) -> 0 | BG46: =IF(BV46="",0,100*BV46/MAX($BU:$BX)) -> 0 | BH46: =IF(BW46="",0,100*BW46/MAX($BU:$BX)) -> 0 | BI46: =IF(BX46="",0,100*BX46/MAX($BU:$BX)) -> 43.074039 | BJ46: =IF(BY46="",0,100*BY46/MAX($BY:$BZ)) -> 0 | BK46: =IF(BZ46="",0,100*BZ46/MAX($BY:$BZ)) -> 12.557349 | BL46: =IF(CA46="",0,100*CA46/MAX($CA:$CC)) -> 18.70762 | BM46: =IF(CB46="",0,100*CB46/MAX($CA:$CC)) -> 22.134945 | BN46: =IF(CC46="",0,100*CC46/MAX($CA:$CC)) -> 31.15475 | BO46: 60.28 | BP46: 45.84 | BQ46: 18.7 | BR46: 90.96 | BS46: 173.1 | BT46: 25.07 | BX46: 459.6 | BZ46: 88.68 | CA46: 557.3 | CB46: 659.4 | CC46: 928.1 | CD46: 10.62 | CE46: 8.345 | CF46: 8.426 | CG46: 8.516 | CH46: 8.843 | CI46: 10.22 | CM46: 8.577 | CO46: 8.462 | CP46: 8.329 | CQ46: 8.123 | CR46: 8.456 | CS46: =IF(VLOOKUP($A46,'B-Ligands'!$A:$G,3,FALSE)="","",VLOOKUP($A46,'B-Ligands'!$A:$G,3,FALSE)) -> GLP-1 (7-36) | CT46: =IF(VLOOKUP($A46,'B-Ligands'!$A:$G,4,FALSE)="","",VLOOKUP($A46,'B-Ligands'!$A:$G,4,FALSE)) -> Glucagon-like peptide 1 | CU46: 4.1063861 | CV46: 8.5938367 | CW46: 1.6723885 | CX46: 4.4068978 | CY46: 1.3990571 | CZ46: 15.354547 | DA46: 11.559655 | DB46: 10 | DC46: 12.797794 | DD46: 8.2487357 | DE46: 7.0710754 | DF46: 11.397999 | DG46: 5.8258739 | DH46: 14.325519 | DI46: 9.5166171 | DJ46: =IF(BO46="",0,BO46/CU46) -> 14.679574 | DK46: =IF(BP46="",0,BP46/CV46) -> 5.3340553 | DL46: =IF(BQ46="",0,BQ46/CW46) -> 11.181612 | DM46: =IF(BR46="",0,BR46/CX46) -> 20.64037 | DN46: =IF(BS46="",0,BS46/CY46) -> 123.72619 | DO46: =IF(BT46="",0,BT46/CZ46) -> 1.6327411 | DP46: =IF(BU46="",0,BU46/DA46) -> 0 | DQ46: =IF(BV46="",0,BV46/DB46) -> 0 | ... DX46: =IF(CC46="",0,CC46/DI46) -> 97.524151
A47: GPR68 | B47: 10.7554/eLife.74101 | C47: =IF(VLOOKUP($A47,'B-Ligands'!$A:$G,5,FALSE)="","",VLOOKUP($A47,'B-Ligands'!$A:$G,5,FALSE)) -> Guide To Pharmacology | D47: =IF(VLOOKUP($A47,'B-Ligands'!$A:$G,6,FALSE)="","",VLOOKUP($A47,'B-Ligands'!$A:$G,6,FALSE)) -> 2346 | E47: =IF(VLOOKUP($A47,'B-Ligands'!$A:$G,7,FALSE)="","",VLOOKUP($A47,'B-Ligands'!$A:$G,7,FALSE)) -> Phys | F47: =IF(T47>0,1,"") -> 1 | G47: =IF(U47>0,1,"") -> 1 | H47: =IF(V47>0,1,"") -> 1 | I47: =IF(W47>0,1,"") -> 1 | J47: =COUNTIF(L47:O47,">0") -> 4 | K47: =SUBSTITUTE(INDEX(T$1:W$1,1,MATCH(MAX(T47:W47),T47:W47,0)),"-fam","") -> Gq/11 | L47: =IF(T47=0,0,_xlfn.RANK.EQ(T47,$T47:$W47,0)) -> 4 | M47: =IF(U47=0,0,_xlfn.RANK.EQ(U47,$T47:$W47,0)) -> 3 | N47: =IF(V47=0,0,_xlfn.RANK.EQ(V47,$T47:$W47,0)) -> 1 | O47: =IF(W47=0,0,_xlfn.RANK.EQ(W47,$T47:$W47,0)) -> 2 | P47: =T47/MAX($T47:$W47)*100 -> 87.550429 | Q47: =U47/MAX($T47:$W47)*100 -> 97.633243 | R47: =V47/MAX($T47:$W47)*100 -> 100 | S47: =W47/MAX($T47:$W47)*100 -> 99.455216 | T47: =AK47 -> 6.3450067 | U47: =MAX(AL47:AP47) -> 7.0757344 | V47: =MAX(AQ47:AT47) -> 7.2472594 | W47: =MAX(AU47:AV47) -> 7.2077775 | X47: =INDEX(AK$1:AV$1,1,MATCH(MAX(AK47:AV47),AK47:AV47,0)) -> Gq | Y47: =AK47/MAX($AK47:$AV47)*100 -> 87.550429 | Z47: =AL47/MAX($AK47:$AV47)*100 -> 87.79486 | AA47: =AM47/MAX($AK47:$AV47)*100 -> 87.273677 | AB47: =AN47/MAX($AK47:$AV47)*100 -> 92.158192 | AC47: =AO47/MAX($AK47:$AV47)*100 -> 97.633243 | AD47: =AP47/MAX($AK47:$AV47)*100 -> 0 | AE47: =AQ47/MAX($AK47:$AV47)*100 -> 100 | AF47: =AR47/MAX($AK47:$AV47)*100 -> 99.995701 | ... AJ47: =AV47/MAX($AK47:$AV47)*100 -> 99.455216 | AK47: {=_xlfn.IFS(AZ47=0,0,AZ47>0,(LOG(0.01*AZ47/10^-CD47)))} -> 6.3450067 | AL47: {=_xlfn.IFS(BA47=0,0,BA47>0,(LOG(0.01*BA47/10^-CE47)))} -> 6.3627213 | AM47: {=_xlfn.IFS(BB47=0,0,BB47>0,(LOG(0.01*BB47/10^-CF47)))} -> 6.3249498 | AN47: {=_xlfn.IFS(BC47=0,0,BC47>0,(LOG(0.01*BC47/10^-CG47)))} -> 6.6789433 | AO47: {=_xlfn.IFS(BD47=0,0,BD47>0,(LOG(0.01*BD47/10^-CH47)))} -> 7.0757344 | AP47: {=_xlfn.IFS(BE47=0,0,BE47>0,(LOG(0.01*BE47/10^-CI47)))} -> 0 | AQ47: {=_xlfn.IFS(BF47=0,0,BF47>0,(LOG(0.01*BF47/10^-CJ47)))} -> 7.2472594 | AR47: {=_xlfn.IFS(BG47=0,0,BG47>0,(LOG(0.01*BG47/10^-CK47)))} -> 7.2469478 | ... AY47: {=_xlfn.IFS(BN47=0,0,BN47>0,(LOG(0.01*BN47/10^-CR47)))} -> 4.7616556 | AZ47: =IF(BO47="",0,100*BO47/MAX(BO:BO)) -> 68.7079 | BA47: =IF(BP47="",0,100*BP47/MAX($BP:$BT)) -> 63.055255 | BB47: =IF(BQ47="",0,100*BQ47/MAX($BP:$BT)) -> 49.198267 | BC47: =IF(BR47="",0,100*BR47/MAX($BP:$BT)) -> 32.058505 | BD47: =IF(BS47="",0,100*BS47/MAX($BP:$BT)) -> 46.31636 | BE47: =IF(BT47="",0,100*BT47/MAX($BP:$BT)) -> 0 | BF47: =IF(BU47="",0,100*BU47/MAX($BU:$BX)) -> 70.187441 | BG47: =IF(BV47="",0,100*BV47/MAX($BU:$BX)) -> 79.606373 | BH47: =IF(BW47="",0,100*BW47/MAX($BU:$BX)) -> 81.593252 | BI47: =IF(BX47="",0,100*BX47/MAX($BU:$BX)) -> 41.836926 | BJ47: =IF(BY47="",0,100*BY47/MAX($BY:$BZ)) -> 8.9719626 | BK47: =IF(BZ47="",0,100*BZ47/MAX($BY:$BZ)) -> 9.2849051 | BL47: =IF(CA47="",0,100*CA47/MAX($CA:$CC)) -> 2.557234 | BM47: =IF(CB47="",0,100*CB47/MAX($CA:$CC)) -> 3.4474656 | BN47: =IF(CC47="",0,100*CC47/MAX($CA:$CC)) -> 4.9278281 | BO47: 44.88 | BP47: 582 | BQ47: 454.1 | BR47: 295.9 | BS47: 427.5 | BU47: 748.9 | BV47: 849.4 | BW47: 870.6 | BX47: 446.4 | BY47: 63.36 | BZ47: 65.57 | CA47: 76.18 | CB47: 102.7 | CC47: 146.8 | CD47: 6.508 | CE47: 6.563 | CF47: 6.633 | CG47: 7.173 | CH47: 7.41 | CJ47: 7.401 | CK47: 7.346 | CL47: 7.199 | CM47: 6.493 | CN47: 7.706 | CO47: 8.24 | CP47: 6.251 | CQ47: 5.999 | CR47: 6.069 | CS47: =IF(VLOOKUP($A47,'B-Ligands'!$A:$G,3,FALSE)="","",VLOOKUP($A47,'B-Ligands'!$A:$G,3,FALSE)) | CT47: =IF(VLOOKUP($A47,'B-Ligands'!$A:$G,4,FALSE)="","",VLOOKUP($A47,'B-Ligands'!$A:$G,4,FALSE)) -> pH (proton) | CU47: 9.5396756 | CV47: 17.661614 | CW47: 19.466205 | CX47: 4.0172454 | CY47: 6.5480185 | CZ47: 13.311252 | DA47: 12.394116 | DB47: 11.03249 | DC47: 8.6458583 | DD47: 9.721431 | DE47: 5.9061745 | DF47: 4.3639539 | DG47: 15.36973 | DH47: 15.289004 | DI47: 15.041469 | DJ47: =IF(BO47="",0,BO47/CU47) -> 4.7045625 | DK47: =IF(BP47="",0,BP47/CV47) -> 32.95282 | DL47: =IF(BQ47="",0,BQ47/CW47) -> 23.327607 | DM47: =IF(BR47="",0,BR47/CX47) -> 73.657436 | DN47: =IF(BS47="",0,BS47/CY47) -> 65.286926 | DO47: =IF(BT47="",0,BT47/CZ47) -> 0 | DP47: =IF(BU47="",0,BU47/DA47) -> 60.423832 | DQ47: =IF(BV47="",0,BV47/DB47) -> 76.99078 | ... DX47: =IF(CC47="",0,CC47/DI47) -> 9.7596853
